s,x,y,yaw,curvature,v_ref,width_left,width_right
0.000000,0.029227,-0.206848,0.007902,-0.008205,5.000000,0.574654,0.420662
0.099975,0.129199,-0.206099,0.007077,-0.008305,5.000000,0.588453,0.409822
0.199950,0.229172,-0.205433,0.006237,-0.008504,5.000000,0.604888,0.398898
0.299925,0.329145,-0.204852,0.005376,-0.008705,5.000000,0.637616,0.388661
0.399900,0.429119,-0.204358,0.004491,-0.009004,5.000000,0.694427,0.388688
0.499875,0.529093,-0.203954,0.003586,-0.009105,5.000000,0.751395,0.388625
0.599850,0.629068,-0.203641,0.002661,-0.009405,5.000000,0.766611,0.388471
0.699825,0.729043,-0.203422,0.001710,-0.009605,5.000000,0.777705,0.384999
0.799801,0.829018,-0.203299,0.000740,-0.009805,5.000000,0.788900,0.379927
0.899776,0.928993,-0.203274,-0.000250,-0.010005,5.000000,0.787725,0.374757
0.999751,1.028968,-0.203349,-0.001265,-0.010305,5.000000,0.785400,0.366970
1.099726,1.128943,-0.203527,-0.002301,-0.010405,5.000000,0.783178,0.358028
1.199700,1.228917,-0.203809,-0.003351,-0.010605,5.000000,0.773915,0.352461
1.299675,1.328891,-0.204197,-0.004426,-0.010905,5.000000,0.756872,0.371719
1.399650,1.428865,-0.204694,-0.005526,-0.011106,5.000000,0.739942,0.390859
1.499625,1.528838,-0.205302,-0.006647,-0.011305,5.000000,0.726038,0.403672
1.599601,1.628811,-0.206023,-0.007787,-0.011507,5.000000,0.732121,0.410236
1.699575,1.728782,-0.206859,-0.008952,-0.011805,5.000000,0.738322,0.416683
1.799551,1.828753,-0.207813,-0.010148,-0.012107,5.000000,0.744215,0.420091
1.899525,1.928722,-0.208888,-0.011358,-0.012106,5.000000,0.742815,0.421360
1.999501,2.028690,-0.210084,-0.012568,-0.012108,5.000000,0.741538,0.422508
2.099475,2.128656,-0.211401,-0.013769,-0.011906,5.000000,0.740877,0.423099
2.199451,2.228621,-0.212837,-0.015009,-0.012908,5.000000,0.743206,0.423137
2.299426,2.328584,-0.214402,-0.016375,-0.014410,5.000000,0.745667,0.423047
2.399400,2.428544,-0.216111,-0.017865,-0.015409,5.000000,0.748460,0.420704
2.499376,2.528502,-0.217974,-0.019296,-0.013210,5.000000,0.751956,0.415035
2.599351,2.628457,-0.219969,-0.020392,-0.008707,5.000000,0.755574,0.409224
2.699325,2.728410,-0.222051,-0.021107,-0.005604,5.000000,0.758721,0.404539
2.799300,2.828362,-0.224189,-0.022142,-0.015110,4.934014,0.760871,0.402407
2.899275,2.928311,-0.226478,-0.024524,-0.032526,4.856920,0.763202,0.400140
2.999251,3.028252,-0.229092,-0.028436,-0.045741,4.778021,0.765852,0.397558
3.099226,3.128180,-0.232163,-0.031278,-0.011113,4.696479,0.768906,0.394494
3.199200,3.228104,-0.235345,-0.029182,0.053048,4.612239,0.771934,0.391245
3.299175,3.328043,-0.237997,-0.021097,0.108681,4.529692,0.769121,0.388245
3.399150,3.428006,-0.239563,-0.012298,0.067338,4.529692,0.759200,0.385631
3.499125,3.527977,-0.240456,-0.010653,-0.034420,4.529692,0.747829,0.383786
3.599100,3.627944,-0.241693,-0.018781,-0.128191,4.529692,0.737092,0.385598
3.699073,3.727886,-0.244211,-0.031394,-0.124122,4.529692,0.729317,0.397086
3.799048,3.827790,-0.247969,-0.040572,-0.059479,4.669796,0.723169,0.407623
3.899023,3.927670,-0.252321,-0.043455,0.001804,4.814488,0.729681,0.412713
3.998998,4.027551,-0.256655,-0.042734,0.012620,4.737999,0.744720,0.385967
4.098973,4.127438,-0.260863,-0.042523,-0.008414,4.654054,0.759819,0.359535
4.198948,4.227321,-0.265155,-0.044311,-0.027345,4.567487,0.763441,0.341275
4.298923,4.327191,-0.269720,-0.046584,-0.018122,4.477775,0.757826,0.356604
4.398898,4.427054,-0.274466,-0.047049,0.008809,4.384461,0.752496,0.371880
4.498873,4.526920,-0.279124,-0.045047,0.031247,4.287828,0.754840,0.384201
4.598847,4.626800,-0.283470,-0.043389,0.001908,4.187202,0.763576,0.384820
4.698823,4.726682,-0.287797,-0.046303,-0.060200,4.083008,0.772690,0.385445
4.798798,4.826535,-0.292725,-0.055023,-0.114232,3.977769,0.780381,0.384344
4.898772,4.926325,-0.298793,-0.063955,-0.064457,3.977769,0.786998,0.378527
4.998748,5.026075,-0.305504,-0.064616,0.051226,3.977769,0.793762,0.371819
5.098722,5.125857,-0.311704,-0.054132,0.158507,3.977769,0.799440,0.365360
5.198695,5.225723,-0.316322,-0.038381,0.156605,3.977769,0.803378,0.360427
5.298669,5.325651,-0.319376,-0.026345,0.084173,4.136910,0.806131,0.357236
5.398645,5.425602,-0.321589,-0.021322,0.016311,4.298677,0.808218,0.354983
5.498620,5.525556,-0.323639,-0.020011,0.009907,4.458431,0.810099,0.352929
5.598595,5.625512,-0.325590,-0.017315,0.044028,4.611370,0.811840,0.350956
5.698569,5.725475,-0.327101,-0.011248,0.077345,4.755900,0.810863,0.348169
5.798544,5.825447,-0.327839,-0.002521,0.097250,4.713189,0.798985,0.344335
5.898518,5.925421,-0.327605,0.007767,0.108558,4.633553,0.786309,0.341494
5.998493,6.025387,-0.326286,0.019206,0.120283,4.552047,0.772725,0.350401
6.098468,6.125330,-0.323765,0.032230,0.140247,4.469646,0.767260,0.373320
6.198442,6.225227,-0.319843,0.047517,0.165576,4.387120,0.760882,0.398076
6.298415,6.325045,-0.314268,0.065312,0.190413,4.304716,0.753195,0.412998
6.398388,6.424738,-0.306794,0.085251,0.208466,4.221170,0.745875,0.421169
6.498361,6.524254,-0.297244,0.106753,0.221679,4.135577,0.737854,0.431690
6.598335,6.623534,-0.285491,0.129647,0.236319,4.047635,0.728043,0.443474
6.698307,6.722508,-0.271396,0.154561,0.262080,3.959556,0.715727,0.457554
6.798279,6.821078,-0.254713,0.182437,0.295591,3.873075,0.698836,0.474895
6.898250,6.919111,-0.235125,0.213658,0.328989,3.788698,0.679891,0.474058
6.998220,7.016446,-0.212324,0.248065,0.359317,3.705563,0.658617,0.475906
7.098189,7.112899,-0.186042,0.285425,0.388061,3.623309,0.643867,0.489690
7.198158,7.208259,-0.156039,0.325593,0.415507,3.542011,0.631938,0.539315
7.298126,7.302290,-0.122102,0.367042,0.413679,3.452399,0.616945,0.596379
7.398094,7.394838,-0.084306,0.407325,0.392183,3.352908,0.598291,0.654984
7.498063,7.485834,-0.042911,0.445745,0.376400,3.239255,0.584585,0.718450
7.598032,7.575208,0.001878,0.486289,0.434692,3.122638,0.569378,0.786270
7.697997,7.662549,0.050506,0.535224,0.544267,3.017644,0.551863,0.852301
7.797957,7.747111,0.103809,0.594953,0.650598,2.930019,0.530817,0.935287
7.897912,7.828026,0.162493,0.661591,0.682469,2.869458,0.500030,1.010387
7.997869,7.904753,0.226558,0.729016,0.666385,2.908042,0.462023,1.073538
8.097826,7.977045,0.295589,0.795070,0.655018,2.939060,0.416924,1.151316
8.197784,8.044665,0.369203,0.861363,0.671169,2.898114,0.385522,1.188192
8.297739,8.107196,0.447184,0.930328,0.708487,2.815082,0.348175,1.181626
8.397693,8.164050,0.529393,1.003047,0.746248,2.730766,0.442025,1.188103
8.497644,8.214617,0.615609,1.076836,0.729854,2.768892,0.492796,1.208929
8.597600,8.258766,0.705286,1.147082,0.675431,2.887625,0.523308,1.154140
8.697557,8.296764,0.797739,1.212129,0.625822,3.005905,0.549014,1.102719
8.797517,8.328908,0.892390,1.273921,0.610339,3.047072,0.570333,1.064564
8.897476,8.355220,0.988824,1.335437,0.620288,3.020071,0.604869,1.022324
8.997435,8.375505,1.086703,1.397865,0.628588,2.986833,0.642682,0.934504
9.097394,8.389603,1.185663,1.457662,0.567622,3.101505,0.674530,0.862076
9.197359,8.398066,1.285269,1.508625,0.451896,3.221116,0.704685,0.795016
9.297327,8.402022,1.385159,1.548269,0.341199,3.366164,0.734004,0.731239
9.397299,8.402569,1.485129,1.580425,0.302086,3.528816,0.762166,0.681580
9.497270,8.400097,1.585070,1.611440,0.318356,3.681697,0.787277,0.649886
9.597240,8.394446,1.684880,1.644024,0.333485,3.815363,0.809104,0.622214
9.697211,8.385471,1.784447,1.676411,0.314418,3.936209,0.824500,0.594313
9.797183,8.373371,1.883684,1.705553,0.268574,4.054075,0.836612,0.570841
9.897155,8.358611,1.982561,1.730127,0.223033,4.180219,0.847121,0.549942
9.997129,8.341650,2.081085,1.750619,0.186910,4.313144,0.853990,0.529458
10.097102,8.322851,2.179275,1.767852,0.157819,4.448812,0.855695,0.511435
10.197076,8.302505,2.277157,1.782175,0.128731,4.585229,0.856066,0.498899
10.297050,8.280901,2.374769,1.793435,0.096507,4.722339,0.856387,0.496263
10.397026,8.258356,2.472169,1.801336,0.061568,4.860432,0.863881,0.494672
10.497000,8.235212,2.569428,1.805766,0.027058,4.998911,0.871018,0.492055
10.596975,8.211805,2.666624,1.806881,-0.004755,4.946999,0.878104,0.483586
10.696951,8.188444,2.763832,1.804933,-0.034218,4.870368,0.880847,0.475190
10.796925,8.165416,2.861118,1.800022,-0.064020,4.792635,0.883432,0.462284
10.896900,8.143011,2.958550,1.791891,-0.098645,4.714913,0.886771,0.440119
10.996875,8.121568,3.056198,1.780089,-0.137459,4.638669,0.891903,0.417299
11.096849,8.101469,3.154131,1.764427,-0.175854,4.565241,0.899101,0.392865
11.196822,8.083095,3.252401,1.745201,-0.208777,4.494815,0.908597,0.366704
11.296795,8.066776,3.351033,1.722884,-0.237672,4.427454,0.911883,0.347174
11.396768,8.052805,3.450025,1.697713,-0.265867,4.364097,0.906773,0.345988
11.496739,8.041470,3.549352,1.669957,-0.289382,4.304027,0.904896,0.342409
11.596711,8.033013,3.648965,1.640020,-0.309515,4.246648,0.903830,0.343616
11.696681,8.027642,3.748791,1.608131,-0.328423,4.192616,0.900044,0.342113
11.796652,8.025551,3.848740,1.575238,-0.329597,4.189394,0.900486,0.352933
11.896622,8.026754,3.948703,1.542946,-0.316405,4.273586,0.894956,0.371177
11.996594,8.031118,4.048579,1.511994,-0.302798,4.357062,0.865317,0.387257
12.096565,8.038503,4.148277,1.482417,-0.288884,4.440165,0.840114,0.406923
12.196537,8.048764,4.247721,1.454275,-0.274104,4.523859,0.818203,0.423944
12.296509,8.061746,4.346847,1.427606,-0.259397,4.608944,0.798162,0.450818
12.396482,8.077294,4.445603,1.402632,-0.240222,4.695539,0.781585,0.487607
12.496454,8.095209,4.543957,1.379769,-0.217145,4.786710,0.765108,0.522024
12.596427,8.115255,4.641900,1.359195,-0.194435,4.884054,0.743396,0.556782
12.696401,8.137201,4.739435,1.340637,-0.176824,4.860747,0.724336,0.590048
12.796375,8.160868,4.836568,1.323646,-0.163069,4.796675,0.704852,0.621260
12.896349,8.186115,4.933301,1.308023,-0.149477,4.727513,0.677460,0.649109
12.996323,8.212805,5.029647,1.293927,-0.132511,4.653464,0.652136,0.675647
13.096298,8.240769,5.125631,1.281646,-0.113168,4.574232,0.629932,0.701277
13.196272,8.269817,5.221292,1.271300,-0.093803,4.489750,0.614446,0.726474
13.296247,8.299761,5.316677,1.262685,-0.078535,4.400237,0.600150,0.751026
13.396221,8.330453,5.411824,1.255424,-0.066727,4.306082,0.586084,0.774776
13.496196,8.361779,5.506764,1.249376,-0.054260,4.207362,0.568558,0.797378
13.596172,8.393620,5.601534,1.245236,-0.028570,4.103857,0.551770,0.819699
13.696146,8.425731,5.696211,1.244200,0.007847,3.994946,0.536021,0.843136
13.796121,8.457768,5.790914,1.246692,0.042016,3.881239,0.522625,0.872293
13.896097,8.489407,5.885751,1.250208,0.028317,3.762527,0.508963,0.902504
13.996071,8.520777,5.980676,1.250319,-0.026102,3.637959,0.495754,0.931396
14.096046,8.552395,6.075520,1.245201,-0.076282,3.508564,0.486517,0.953587
14.196021,8.584735,6.170119,1.239930,-0.029172,3.508564,0.477965,0.974422
14.295996,8.617351,6.264624,1.243504,0.100676,3.508564,0.472163,0.997457
14.395970,8.649014,6.359452,1.259920,0.227730,3.508564,0.467560,1.009344
14.495941,8.678509,6.454973,1.284172,0.257416,3.508564,0.461188,1.016487
14.595915,8.705537,6.551224,1.307207,0.203411,3.676962,0.435418,1.026605
14.695888,8.730602,6.648004,1.324839,0.149310,3.845014,0.400484,1.042770
14.795863,8.754220,6.745149,1.339530,0.144593,4.012703,0.370649,1.062151
14.895836,8.776431,6.842624,1.355916,0.183199,4.165219,0.354162,1.083888
14.995810,8.796853,6.940489,1.376140,0.221398,4.290603,0.341327,1.095903
15.095783,8.815104,7.038782,1.398787,0.231637,4.210902,0.369519,1.084380
15.195755,8.831074,7.137471,1.421185,0.216442,4.126742,0.395574,1.075869
15.295729,8.844905,7.236483,1.442146,0.202882,4.034997,0.424802,1.070143
15.395702,8.856725,7.335755,1.464188,0.238069,3.941312,0.451505,1.044850
15.495674,8.866179,7.435279,1.491962,0.317554,3.858928,0.463803,1.020955
15.595644,8.872469,7.535051,1.527586,0.395104,3.796050,0.472842,1.000094
15.695612,8.874814,7.634991,1.566224,0.377840,3.888228,0.484131,0.980978
15.795582,8.873383,7.734951,1.598806,0.273956,3.978552,0.501546,0.967736
15.895555,8.869215,7.834837,1.621072,0.171495,4.108564,0.517463,0.958516
15.995530,8.863335,7.934639,1.637796,0.163063,4.230115,0.537657,0.941671
16.095503,8.855829,8.034330,1.658022,0.241566,4.148903,0.560655,0.926004
16.195474,8.845918,8.133809,1.686176,0.321649,4.084443,0.580189,0.911883
16.295444,8.832814,8.232916,1.719987,0.354736,4.026728,0.595913,0.898510
16.395415,8.816204,8.331497,1.754967,0.345046,4.096180,0.608441,0.889869
16.495385,8.796204,8.429446,1.788937,0.334510,4.072258,0.618232,0.894203
16.595355,8.772940,8.526672,1.822671,0.340342,4.006923,0.625357,0.905258
16.695325,8.746382,8.623050,1.857734,0.361091,3.943485,0.629739,0.919263
16.795295,8.716363,8.718406,1.894866,0.381736,3.882513,0.631349,0.937054
16.895263,8.682728,8.812546,1.933317,0.387462,3.825895,0.630051,0.962102
16.995233,8.645472,8.905314,1.971597,0.378333,3.755122,0.625797,0.994555
17.095201,8.604735,8.996606,2.009012,0.370152,3.674528,0.619534,1.033962
17.195171,8.560648,9.086329,2.046990,0.389620,3.589519,0.615645,1.082309
17.295139,8.513101,9.174266,2.088248,0.435744,3.510280,0.608949,1.139351
17.395106,8.461770,9.260048,2.134141,0.482337,3.438532,0.599295,1.188383
17.495071,8.406365,9.343254,2.183415,0.503376,3.364809,0.586462,1.247734
17.595035,8.346845,9.423567,2.233597,0.500508,3.378754,0.570170,1.302525
17.695000,8.283382,9.500803,2.283526,0.498338,3.387796,0.549782,1.312578
17.794965,8.216151,9.574783,2.333790,0.507198,3.356813,0.525093,1.331021
17.894928,8.145258,9.645259,2.385487,0.526981,3.288886,0.398437,1.358608
17.994892,8.070752,9.711904,2.439218,0.547908,3.219953,0.348580,1.334226
18.094854,7.992710,9.774369,2.494187,0.551736,3.208731,0.343592,1.276575
18.194817,7.911342,9.832437,2.548687,0.538545,3.251882,0.358380,1.230438
18.294780,7.826967,9.886042,2.601937,0.526714,3.291417,0.392879,1.193808
18.394744,7.739887,9.935132,2.654593,0.526672,3.291708,0.421994,1.121294
18.494708,7.650344,9.979571,2.707832,0.538368,3.252311,0.455656,1.059737
18.594671,7.558541,10.019128,2.762310,0.551464,3.208866,0.484563,1.003741
18.694633,7.464698,10.053566,2.816897,0.540553,3.241504,0.508238,0.936161
18.794596,7.369131,10.082885,2.869184,0.505443,3.347941,0.528799,0.880575
18.894562,7.272203,10.107340,2.918018,0.471477,3.453226,0.547401,0.845628
18.994529,7.174229,10.127201,2.964716,0.462713,3.523831,0.562500,0.820774
19.094495,7.075442,10.142510,3.011777,0.478738,3.456882,0.573861,0.800758
19.194460,6.976037,10.153075,3.060536,0.496679,3.391453,0.581498,0.786024
19.294425,6.876230,10.158693,3.110892,0.510701,3.342856,0.585472,0.778178
19.394388,6.776268,10.159210,-3.120646,0.522495,3.304065,0.585836,0.777457
19.494352,6.676415,10.154507,-3.067782,0.535053,3.259011,0.582585,0.783942
19.594315,6.576957,10.144472,-3.015042,0.520007,3.306732,0.575621,0.797661
19.694279,6.478153,10.129282,-2.965342,0.474231,3.320989,0.564526,0.818556
19.794246,6.380178,10.109426,-2.920130,0.430247,3.222649,0.549259,0.837036
19.894214,6.283146,10.085375,-2.875828,0.456019,3.108177,0.530033,0.860852
19.994179,6.187315,10.056928,-2.825217,0.556453,3.004367,0.518406,0.895882
20.094138,6.093218,10.023198,-2.764422,0.659762,2.916239,0.512003,0.947468
20.194094,6.001553,9.983341,-2.696677,0.695444,2.835586,0.501630,1.010789
20.294049,5.912878,9.937212,-2.628881,0.660805,2.921073,0.486134,1.058612
20.394008,5.827439,9.885328,-2.564479,0.627558,3.004017,0.458920,1.118721
20.493967,5.745421,9.828189,-2.502034,0.621652,3.019723,0.424511,1.162544
20.593927,5.667110,9.766066,-2.438729,0.644766,2.959132,0.388430,1.206184
20.693884,5.592965,9.699029,-2.372981,0.670518,2.895488,0.372221,1.264056
20.793840,5.523478,9.627177,-2.306238,0.664658,2.906764,0.350512,1.283161
20.893797,5.458914,9.550868,-2.241926,0.621914,3.015610,0.431951,1.275687
20.993757,5.399215,9.470693,-2.181817,0.580549,3.129282,0.488044,1.279442
21.093720,5.344266,9.387188,-2.124400,0.568088,3.167501,0.525689,1.293179
21.193682,5.294146,9.300699,-2.066526,0.589695,3.101449,0.556663,1.229575
21.293641,5.249210,9.211409,-2.006369,0.613736,3.031869,0.580106,1.176720
21.393601,5.209834,9.119532,-1.946784,0.578245,3.119523,0.598475,1.133025
21.493563,5.175831,9.025530,-1.894439,0.468912,3.229739,0.613907,1.080792
21.593531,5.146269,8.930033,-1.853115,0.357783,3.367949,0.631743,1.040718
21.693503,5.120140,8.833536,-1.819689,0.310917,3.525353,0.654470,1.018498
21.793474,5.097023,8.736275,-1.787094,0.341133,3.671988,0.674208,1.006192
21.893444,5.077236,8.638283,-1.751287,0.375202,3.791221,0.690486,0.996280
21.993412,5.061138,8.539619,-1.713611,0.378495,3.891840,0.702465,0.975470
22.093382,5.048784,8.440416,-1.677481,0.344279,3.981939,0.711717,0.960313
22.193352,5.039851,8.340845,-1.644834,0.308828,4.081560,0.718587,0.948910
22.293324,5.033996,8.241045,-1.615273,0.282540,4.188942,0.723211,0.941415
22.393296,5.030962,8.141119,-1.587783,0.267387,4.299085,0.725640,0.937593
22.493269,5.030600,8.041147,-1.561773,0.252949,4.406897,0.725931,0.937141
22.593241,5.032766,7.941198,-1.537344,0.235763,4.513126,0.724147,0.939803
22.693213,5.037287,7.841328,-1.514794,0.215345,4.619585,0.720356,0.945287
22.793187,5.043957,7.741577,-1.494298,0.194674,4.728308,0.714652,0.953270
22.893161,5.052567,7.641975,-1.475815,0.175082,4.839299,0.707141,0.963439
22.993134,5.062919,7.542539,-1.459248,0.156342,4.952224,0.697943,0.975516
23.093108,5.074824,7.443276,-1.444561,0.137464,5.000000,0.687171,0.991304
23.193083,5.088092,7.344186,-1.431761,0.118600,5.000000,0.674951,1.016448
23.293057,5.102534,7.245260,-1.420886,0.098948,5.000000,0.661416,1.042607
23.393033,5.117954,7.146481,-1.411963,0.079561,5.000000,0.645152,1.069210
23.493007,5.134159,7.047829,-1.404990,0.059937,5.000000,0.624357,1.096114
23.592982,5.150955,6.949275,-1.399974,0.040397,5.000000,0.602660,1.123194
23.692957,5.168149,6.850789,-1.396913,0.020841,5.000000,0.578917,1.141851
23.792932,5.185548,6.752340,-1.395821,0.001003,5.000000,0.549404,1.159782
23.892908,5.202957,6.653892,-1.396710,-0.018784,5.000000,0.519556,1.177318
23.992882,5.220181,6.555412,-1.399577,-0.038571,4.947456,0.493523,1.194211
24.092857,5.237025,6.456867,-1.404427,-0.058457,4.871925,0.476049,1.210303
24.192832,5.253293,6.358224,-1.411280,-0.078624,4.795244,0.459052,1.225415
24.292807,5.268785,6.259457,-1.420127,-0.098356,4.717606,0.442753,1.239389
24.392781,5.283305,6.160543,-1.430968,-0.118529,4.639178,0.427386,1.252083
24.492756,5.296652,6.061463,-1.443815,-0.138469,4.560106,0.413192,1.263378
24.592729,5.308626,5.962209,-1.458659,-0.158486,4.480504,0.400403,1.273170
24.692704,5.319026,5.862777,-1.475514,-0.178694,4.400455,0.389252,1.281379
24.792677,5.327648,5.763176,-1.494378,-0.198681,4.320028,0.379970,1.287940
24.892650,5.334290,5.663424,-1.515265,-0.219158,4.239249,0.372792,1.292806
24.992623,5.338745,5.563550,-1.538174,-0.239154,4.158043,0.367955,1.295948
25.092596,5.340811,5.463599,-1.563083,-0.259153,4.076287,0.361910,1.292954
25.192567,5.340287,5.363629,-1.589990,-0.279109,3.993852,0.355968,1.285512
25.292539,5.336974,5.263712,-1.618944,-0.300121,3.910703,0.352803,1.276555
25.392510,5.330665,5.163940,-1.650053,-0.322208,3.827266,0.350365,1.266091
25.492480,5.321146,5.064424,-1.683384,-0.344587,3.743363,0.351508,1.254122
25.592451,5.308205,4.965295,-1.718841,-0.364730,3.657950,0.371567,1.241113
25.692419,5.291659,4.866705,-1.756131,-0.381260,3.569438,0.406287,1.227321
25.792388,5.271368,4.768817,-1.795086,-0.398019,3.477126,0.444381,1.211748
25.892357,5.247199,4.671814,-1.836278,-0.426044,3.382817,0.474698,1.194421
25.992324,5.218922,4.575930,-1.881091,-0.470423,3.290591,0.511467,1.176169
26.092289,5.186169,4.481483,-1.930433,-0.516677,3.200935,0.555737,1.157366
26.192251,5.148584,4.388855,-1.982317,-0.521248,3.101457,0.608939,1.137727
26.292217,5.106224,4.298308,-2.031739,-0.467434,2.988933,0.670546,1.110073
26.392184,5.059680,4.209838,-2.075684,-0.411686,2.851373,0.732036,1.073879
26.492152,5.009534,4.123356,-2.118577,-0.446398,2.851373,0.796735,1.029832
26.592117,4.955582,4.039201,-2.171106,-0.604468,2.745902,0.876234,0.990483
26.692073,4.896651,3.958465,-2.239996,-0.773698,2.640738,0.941087,0.959844
26.792017,4.831665,3.882533,-2.321273,-0.852173,2.536677,1.006259,0.941342
26.891964,4.760451,3.812404,-2.404275,-0.808281,2.625007,1.091759,0.918510
26.991914,4.683807,3.748251,-2.482791,-0.762421,2.709670,1.106815,0.883375
27.091866,4.602498,3.690119,-2.559126,-0.764666,2.669414,1.094204,0.833253
27.191816,4.516989,3.638368,-2.639020,-0.833629,2.563803,1.095645,0.773552
27.291759,4.427475,3.593918,-2.726367,-0.913741,2.455704,1.100248,0.341244
27.391697,4.334284,3.557821,-2.819445,-0.948235,2.399548,1.052852,0.349567
27.491636,4.238093,3.530707,-2.912295,-0.909212,2.464065,1.025954,0.359989
27.591578,4.139835,3.512436,-3.001257,-0.870472,2.523599,1.007212,0.374556
27.691524,4.040357,3.502774,-3.088592,-0.876691,2.502292,0.984285,0.383104
27.791466,3.940420,3.501857,3.102945,-0.956743,2.389061,0.981738,0.384952
27.891399,3.840860,3.510488,3.002326,-1.056138,2.270567,1.009593,0.379755
27.991323,3.742773,3.529562,2.895711,-1.076581,2.229025,1.049365,0.368435
28.091256,3.647295,3.559065,2.794721,-0.943695,2.381530,1.089173,0.349212
28.191200,3.555010,3.597436,2.707341,-0.804351,2.530879,1.146535,0.507663
28.291153,3.466098,3.643100,2.630518,-0.732537,2.684259,1.135064,0.579015
28.391105,3.380766,3.695147,2.555476,-0.768684,2.695819,1.100275,0.635642
28.491054,3.299684,3.753590,2.476107,-0.819086,2.604999,1.079528,0.678064
28.591000,3.223657,3.818467,2.393863,-0.826165,2.578483,1.053362,0.709365
28.690949,3.153239,3.889398,2.314952,-0.752436,2.709999,0.955066,0.751132
28.790903,3.088348,3.965424,2.243558,-0.675794,2.838672,0.880152,0.789608
28.890862,3.028735,4.045661,2.178784,-0.620011,2.967474,0.822397,0.825434
28.990822,2.974206,4.129438,2.118064,-0.594710,3.087453,0.745061,0.857342
29.090783,2.924751,4.216308,2.059712,-0.572613,3.148900,0.676877,0.885325
29.190744,2.880347,4.305866,2.003760,-0.546705,3.222717,0.617719,0.909904
29.290708,2.840901,4.397718,1.950848,-0.511789,3.329717,0.548296,0.931889
29.390673,2.806204,4.491468,1.901405,-0.477315,3.434983,0.489679,0.951659
29.490639,2.776018,4.586768,1.855249,-0.446039,3.539808,0.450565,0.969305
29.590607,2.750110,4.683320,1.812033,-0.418499,3.644158,0.418689,0.984801
29.690575,2.728263,4.780872,1.771528,-0.391814,3.747286,0.392612,0.998060
29.790544,2.710253,4.879205,1.733662,-0.365683,3.850306,0.371645,1.006927
29.890514,2.695849,4.978132,1.698388,-0.339971,3.953884,0.356208,1.013737
29.990485,2.684815,5.077492,1.665668,-0.314599,4.058762,0.347299,1.018515
30.090456,2.676911,5.177150,1.635427,-0.290377,4.165427,0.341964,1.021286
30.190427,2.671903,5.276996,1.607488,-0.268535,4.273759,0.346522,1.018989
30.290400,2.669577,5.376942,1.581725,-0.246849,4.383083,0.357972,1.010930
30.390373,2.669718,5.476914,1.558097,-0.225838,4.493793,0.372092,1.000701
30.490346,2.672116,5.576859,1.536524,-0.205732,4.605974,0.377587,0.988353
30.590320,2.676569,5.676733,1.516954,-0.185762,4.719451,0.382974,0.980807
30.690294,2.682876,5.776508,1.499384,-0.165715,4.834393,0.390319,0.975770
30.790267,2.690835,5.876164,1.483817,-0.145713,4.950865,0.398854,0.969196
30.890242,2.700245,5.975695,1.470254,-0.125608,5.000000,0.408823,0.961141
30.990216,2.710904,6.075099,1.458696,-0.105605,5.000000,0.420056,0.951604
31.090191,2.722612,6.174386,1.449135,-0.085677,5.000000,0.432325,0.940881
31.190165,2.735170,6.273569,1.441574,-0.065587,5.000000,0.445403,0.929117
31.290140,2.748378,6.372667,1.436005,-0.045817,5.000000,0.459063,0.916476
31.390116,2.762040,6.471705,1.432426,-0.025779,5.000000,0.473083,0.903134
31.490090,2.775957,6.570706,1.430829,-0.006155,5.000000,0.487245,0.889280
31.590065,2.789935,6.669699,1.431214,0.013838,5.000000,0.501333,0.875117
31.690040,2.803776,6.768711,1.433577,0.033435,5.000000,0.515142,0.860855
31.790015,2.817286,6.867769,1.437902,0.053090,4.958541,0.528469,0.846717
31.889990,2.830270,6.966897,1.444191,0.072721,4.884280,0.541124,0.832931
31.989965,2.842533,7.066117,1.452434,0.092193,4.809148,0.552923,0.819733
32.089940,2.853881,7.165446,1.462632,0.111802,4.733335,0.563695,0.807366
32.189914,2.864118,7.264895,1.474782,0.131265,4.657011,0.573277,0.796074
32.289888,2.873049,7.364469,1.488891,0.150989,4.580345,0.581514,0.786107
32.389862,2.880476,7.464167,1.504974,0.170751,4.503474,0.588263,0.777725
32.489835,2.886200,7.563976,1.523018,0.190223,4.426469,0.593387,0.771191
32.589809,2.890025,7.663877,1.542994,0.209388,4.349306,0.596755,0.766778
32.689782,2.891758,7.763835,1.564894,0.228728,4.272019,0.598241,0.764757
32.789755,2.891205,7.863806,1.588769,0.248878,4.194764,0.597748,0.765414
32.889727,2.888165,7.963732,1.614777,0.271418,4.118188,0.595160,0.784846
32.989699,2.882415,8.063538,1.643063,0.294441,4.042430,0.586124,0.819086
33.089670,2.873730,8.163131,1.673479,0.314039,3.966799,0.574117,0.856241
33.189640,2.861923,8.262402,1.705516,0.326856,3.888816,0.559539,0.884125
33.289611,2.846879,8.361234,1.738819,0.339373,3.808284,0.546718,0.916945
33.389581,2.828491,8.459499,1.773678,0.357975,3.726038,0.538096,0.951924
33.489551,2.806599,8.557042,1.811076,0.390171,3.646325,0.526680,0.991916
33.589519,2.780920,8.653656,1.851797,0.424461,3.569582,0.512291,1.038854
33.689486,2.751166,8.749092,1.895782,0.455457,3.495190,0.497051,1.093469
33.789452,2.717099,8.843074,1.942571,0.480556,3.420248,0.478574,1.158242
33.889417,2.678558,8.935311,1.991902,0.506295,3.344591,0.456188,1.201880
33.989381,2.635400,9.025479,2.043811,0.532149,3.267617,0.438101,1.253450
34.089344,2.587509,9.113223,2.098352,0.558937,3.188593,0.422906,1.302839
34.189305,2.534793,9.198154,2.155653,0.587364,3.107067,0.403260,1.324231
34.289266,2.477184,9.279844,2.215841,0.616700,3.028946,0.376162,1.357155
34.389224,2.414652,9.357828,2.278988,0.646558,2.954648,0.341740,1.379618
34.489181,2.347215,9.431608,2.345258,0.679179,2.878550,0.346223,1.345333
34.589136,2.274928,9.500642,2.414702,0.710035,2.809859,0.347178,1.323957
34.689090,2.197928,9.564374,2.487052,0.737318,2.756900,0.344429,1.301464
34.789042,2.116445,9.622261,2.562306,0.768131,2.696556,0.346268,1.250598
34.888992,2.030763,9.673725,2.639957,0.785273,2.655953,0.342469,1.215384
34.988942,1.941308,9.718311,2.717549,0.766937,2.699398,0.346495,1.191909
35.088893,1.848700,9.755914,2.793290,0.748264,2.735047,0.348984,1.181922
35.188846,1.753539,9.786491,2.867313,0.732562,2.764220,0.345935,1.164211
35.288800,1.656395,9.810023,2.939632,0.714175,2.803029,0.363693,1.131111
35.388754,1.557819,9.826565,3.010227,0.698056,2.837529,0.377557,1.097958
35.488710,1.458328,9.836193,3.079663,0.691036,2.856619,0.386032,1.035626
35.588664,1.358411,9.838930,-3.133959,0.700555,2.831953,0.383501,0.986849
35.688619,1.258547,9.834668,-3.063166,0.715670,2.800293,0.375826,0.942463
35.788572,1.159245,9.823278,-2.991015,0.727696,2.771937,0.363959,0.910960
35.888526,1.061033,9.804700,-2.918153,0.729908,2.771070,0.365895,0.899934
35.988479,0.964437,9.779011,-2.844961,0.734286,2.762311,0.362473,0.902680
36.088431,0.869987,9.746307,-2.771178,0.741748,2.747367,0.355185,0.913283
36.188384,0.778219,9.706695,-2.696519,0.751809,2.727908,0.343525,0.929744
36.288336,0.689685,9.660304,-2.620596,0.767029,2.699207,0.342374,0.959645
36.388285,0.604967,9.607268,-2.543764,0.769970,2.683553,0.346856,0.981809
36.488237,0.524577,9.547873,-2.468289,0.739905,2.751375,0.386363,1.009970
36.588190,0.448795,9.482698,-2.395885,0.708528,2.815502,0.430192,1.051430
36.688146,0.377814,9.412321,-2.326472,0.680069,2.875079,0.461910,1.020806
36.788103,0.311778,9.337284,-2.259983,0.650038,2.946174,0.487874,0.994324
36.888062,0.250753,9.258115,-2.196420,0.621548,3.016775,0.520336,0.979275
36.988021,0.194762,9.175309,-2.135808,0.590985,3.092760,0.549065,0.898858
37.087983,0.143757,9.089339,-2.078750,0.550450,3.203842,0.573246,0.832640
37.187946,0.097557,9.000692,-2.025769,0.509440,3.313112,0.592885,0.775294
37.287912,0.055929,8.909806,-1.976540,0.475393,3.422381,0.609102,0.714087
37.387878,0.018666,8.817045,-1.930090,0.453816,3.530882,0.621989,0.662317
37.487845,-0.014352,8.722688,-1.885662,0.434978,3.632395,0.634843,0.618520
37.587813,-0.043237,8.626984,-1.843202,0.414430,3.722189,0.645856,0.581725
37.687781,-0.068133,8.530166,-1.803045,0.388914,3.816039,0.653925,0.551201
37.787750,-0.089247,8.432452,-1.765449,0.363194,3.911621,0.659200,0.526091
37.887720,-0.106800,8.334035,-1.730362,0.338717,4.009307,0.672400,0.505820
37.987691,-0.121011,8.235079,-1.697639,0.315914,4.108977,0.683354,0.489889
38.087662,-0.132090,8.135724,-1.667164,0.293737,4.209970,0.691944,0.476917
38.187633,-0.140247,8.036086,-1.638899,0.271690,4.312696,0.698485,0.467450
38.287606,-0.145695,7.936262,-1.612858,0.249258,4.417405,0.703534,0.461498
38.387579,-0.148654,7.836333,-1.589043,0.227161,4.524530,0.706595,0.459126
38.487552,-0.149343,7.736362,-1.567435,0.205111,4.634168,0.707788,0.459273
38.587525,-0.147982,7.636398,-1.548027,0.183143,4.746282,0.706502,0.460506
38.687499,-0.144791,7.536475,-1.530804,0.161416,4.860785,0.703060,0.463060
38.787473,-0.139988,7.436617,-1.515763,0.139474,4.977569,0.698110,0.467319
38.887448,-0.133793,7.336834,-1.502901,0.117839,5.000000,0.692336,0.476352
38.987422,-0.126423,7.237132,-1.492220,0.095835,5.000000,0.688185,0.486936
39.087397,-0.118098,7.137504,-1.483719,0.074222,5.000000,0.683060,0.500071
39.187372,-0.109034,7.037941,-1.477397,0.052257,5.000000,0.677141,0.529202
39.287346,-0.099450,6.938427,-1.473267,0.030354,5.000000,0.669181,0.558628
39.387321,-0.089564,6.838942,-1.471313,0.008741,5.000000,0.660689,0.581767
39.487297,-0.079591,6.739465,-1.471544,-0.013360,4.967928,0.651987,0.588035
39.587271,-0.069751,6.639976,-1.473971,-0.035192,4.891984,0.649790,0.594091
39.687247,-0.060261,6.540452,-1.478577,-0.056966,4.814582,0.648923,0.600541
39.787222,-0.051338,6.440876,-1.485375,-0.079024,4.735997,0.648640,0.608516
39.887196,-0.043202,6.341233,-1.494377,-0.101045,4.656472,0.644257,0.615623
39.987171,-0.036073,6.241513,-1.505572,-0.122924,4.576218,0.640424,0.621763
40.087145,-0.030170,6.141713,-1.518953,-0.144765,4.495413,0.637538,0.627184
40.187119,-0.025712,6.041839,-1.534533,-0.166899,4.414210,0.632637,0.631211
40.287093,-0.022921,5.941904,-1.552315,-0.188831,4.332736,0.629533,0.633692
40.387066,-0.022017,5.841935,-1.572317,-0.211313,4.251168,0.628435,0.634484
40.487039,-0.023225,5.741969,-1.594582,-0.234098,4.169591,0.629590,0.633449
40.587011,-0.026772,5.642060,-1.619097,-0.256337,4.087968,0.633463,0.630452
40.686984,-0.032878,5.542274,-1.645785,-0.277544,4.005933,0.623904,0.623444
40.786955,-0.041750,5.442697,-1.674604,-0.298984,3.923361,0.611837,0.610237
40.886926,-0.053594,5.343430,-1.705651,-0.322112,3.840658,0.604904,0.594665
40.986897,-0.068628,5.244596,-1.739268,-0.350399,3.759375,0.610020,0.576587
41.086866,-0.087114,5.146351,-1.775784,-0.380107,3.679719,0.619528,0.565195
41.186834,-0.109319,5.048880,-1.814940,-0.403204,3.600442,0.638405,0.555092
41.286803,-0.135434,4.952383,-1.855562,-0.409422,3.514263,0.665431,0.541814
41.386771,-0.165476,4.857035,-1.896679,-0.413134,3.420604,0.699682,0.525176
41.486739,-0.199429,4.763010,-1.938901,-0.431520,3.320783,0.755986,0.516818
41.586705,-0.237405,4.670538,-1.984856,-0.487810,3.226052,0.821910,0.505284
41.686670,-0.279843,4.580029,-2.036787,-0.551067,3.137890,0.887059,0.490403
41.786631,-0.327199,4.491997,-2.094381,-0.601094,3.054626,0.955113,0.475478
41.886591,-0.379756,4.406969,-2.155229,-0.616167,3.030598,1.038239,0.460361
41.986549,-0.437447,4.325339,-2.217413,-0.627820,3.000467,1.109482,0.440417
42.086508,-0.500145,4.247488,-2.281103,-0.646308,2.959906,1.195821,0.418136
42.186464,-0.567737,4.173850,-2.347364,-0.679240,2.878972,1.287020,0.395939
42.286419,-0.640169,4.104969,-2.417213,-0.718091,2.795036,1.289673,0.371982
42.386373,-0.717354,4.041462,-2.490331,-0.744622,2.728834,1.306508,0.362200
42.486325,-0.799048,3.983872,-2.564215,-0.733406,2.763979,1.336395,0.341474
42.586279,-0.884742,3.932421,-2.636856,-0.719770,2.792049,1.267966,0.449957
42.686232,-0.973914,3.887264,-2.708501,-0.713485,2.807778,1.216487,0.495826
42.786187,-1.066078,3.848577,-2.780152,-0.719886,2.791563,1.179837,0.522214
42.886140,-1.160784,3.816618,-2.852723,-0.731885,2.767240,1.110742,0.542651
42.986093,-1.257573,3.791668,-2.926063,-0.735286,2.748692,1.051800,0.557702
43.086046,-1.355933,3.773894,-2.998242,-0.708646,2.815066,1.011123,0.568394
43.186002,-1.455307,3.763127,-3.067620,-0.679260,2.878744,0.992493,0.574926
43.285959,-1.555184,3.759128,-3.134681,-0.662289,2.926591,0.985652,0.577385
43.385915,-1.655106,3.761746,3.081878,-0.670582,2.898087,0.989998,0.575772
43.485871,-1.754628,3.771052,3.014112,-0.685071,2.865529,1.004377,0.570055
43.585826,-1.853279,3.787147,2.944570,-0.706107,2.825615,1.030436,0.560809
43.685781,-1.950548,3.810160,2.872066,-0.744330,2.742538,1.067079,0.550042
43.785732,-2.045834,3.840340,2.795338,-0.790605,2.655733,1.119933,0.534976
43.885679,-2.138436,3.877948,2.714476,-0.827025,2.581471,1.173338,0.515276
43.985626,-2.227615,3.923075,2.631588,-0.831134,2.586237,1.236567,0.489656
44.085573,-2.312741,3.975448,2.548285,-0.835341,2.579105,1.320686,0.454060
44.185519,-2.393201,4.034739,2.464772,-0.835320,2.569283,1.302600,0.404256
44.285465,-2.468435,4.100535,2.382604,-0.808432,2.624480,1.302080,0.343559
44.385415,-2.538114,4.172193,2.303155,-0.780957,2.673443,1.318097,0.343771
44.485366,-2.601992,4.249068,2.226485,-0.752804,2.718418,1.259887,0.350012
44.585319,-2.659910,4.330530,2.153542,-0.706423,2.819220,1.182629,0.435532
44.685275,-2.711937,4.415879,2.085305,-0.658649,2.926313,1.124062,0.506174
44.785233,-2.758236,4.504468,2.021425,-0.619275,3.029480,1.067373,0.565030
44.885194,-2.798966,4.595754,1.960576,-0.598010,3.078536,0.999732,0.595488
44.985155,-2.834169,4.689311,1.901622,-0.581358,3.124547,0.945123,0.621089
45.085115,-2.863878,4.784755,1.844737,-0.556626,3.177956,0.899063,0.642331
45.185079,-2.888233,4.881706,1.791833,-0.501715,3.286325,0.862775,0.660116
45.285045,-2.907697,4.979759,1.744690,-0.441375,3.403387,0.825798,0.674250
45.385013,-2.922817,5.078577,1.702983,-0.392990,3.528652,0.794188,0.685252
45.484982,-2.934044,5.177914,1.664509,-0.376681,3.659687,0.775848,0.693577
45.584952,-2.941523,5.277603,1.627343,-0.366814,3.780062,0.766194,0.699134
45.684922,-2.945342,5.377500,1.591397,-0.352287,3.891206,0.761276,0.701985
45.784891,-2.945641,5.477469,1.557675,-0.322314,3.995307,0.760147,0.702207
45.884863,-2.942719,5.577398,1.527096,-0.289437,4.104449,0.763013,0.700582
45.984835,-2.936907,5.677201,1.499681,-0.259000,4.218370,0.768642,0.706518
46.084807,-2.928513,5.776820,1.475007,-0.234591,4.336389,0.757414,0.710441
46.184780,-2.917785,5.876216,1.452709,-0.211485,4.455251,0.749132,0.717783
46.284753,-2.904958,5.975363,1.432852,-0.185758,4.575330,0.743422,0.728671
46.384727,-2.890292,6.074255,1.415959,-0.152190,4.697140,0.733686,0.788693
46.484701,-2.874123,6.172913,1.402517,-0.116701,4.823969,0.723061,0.989105
46.584676,-2.856804,6.271376,1.392187,-0.089962,4.954546,0.713955,1.050048
46.684651,-2.838600,6.369680,1.383209,-0.089634,5.000000,0.705893,1.143531
46.784625,-2.819516,6.467816,1.374002,-0.094556,5.000000,0.691613,1.257286
46.884601,-2.799505,6.565768,1.365142,-0.082688,5.000000,0.677829,1.347771
46.984575,-2.778685,6.663551,1.360149,-0.017190,5.000000,0.665290,1.385563
47.084550,-2.757697,6.761298,1.362229,0.058789,4.980836,0.653541,1.427440
47.184524,-2.737284,6.859166,1.371082,0.118319,4.913174,0.633780,1.474626
47.284499,-2.718030,6.957269,1.383181,0.123721,4.843146,0.610694,1.525481
47.384473,-2.699991,7.055602,1.395294,0.118600,4.769946,0.586231,1.553042
47.484448,-2.683119,7.154143,1.407299,0.121569,4.693472,0.560423,1.553683
47.584422,-2.667446,7.252881,1.420903,0.150569,4.618226,0.524541,1.555812
47.684397,-2.653261,7.351844,1.437688,0.185213,4.545513,0.464048,1.559940
47.784369,-2.640911,7.451051,1.457658,0.214288,4.476087,0.401401,1.566688
47.884342,-2.630689,7.550500,1.479645,0.225556,4.404849,0.341504,1.560708
47.984315,-2.622712,7.650154,1.502580,0.233270,4.331580,0.374818,1.546811
48.084288,-2.617061,7.749967,1.526577,0.246775,4.256430,0.430462,1.536030
48.184261,-2.613874,7.849889,1.552869,0.279199,4.185923,0.432424,1.548435
48.284231,-2.613477,7.949859,1.582642,0.316409,4.121778,0.422884,1.589307
48.384202,-2.616242,8.049791,1.615546,0.341847,4.064935,0.410715,1.621226
48.484172,-2.622420,8.149570,1.649085,0.329091,4.120229,0.405585,1.632768
48.584143,-2.631877,8.249093,1.680964,0.308645,4.055242,0.407786,1.645711
48.684115,-2.644400,8.348277,1.711370,0.299632,3.978782,0.407297,1.657336
48.784086,-2.659888,8.447041,1.742832,0.329773,3.902508,0.405458,1.673760
48.884056,-2.678623,8.545240,1.777728,0.368315,3.832147,0.407376,1.705126
48.984024,-2.700960,8.642681,1.816172,0.400752,3.768650,0.406157,1.745056
49.083993,-2.727182,8.739149,1.856799,0.412000,3.737831,0.400060,1.780626
49.183960,-2.757354,8.834455,1.898351,0.419246,3.703218,0.388004,1.795716
49.283928,-2.791493,8.928413,1.940624,0.426416,3.667204,0.366900,1.818485
49.383895,-2.829605,9.020830,1.983391,0.429138,3.659197,0.341516,1.828896
49.483863,-2.871646,9.111528,2.026423,0.431720,3.648006,0.344755,1.808899
49.583831,-2.917561,9.200327,2.069765,0.435339,3.633605,0.359575,1.796671
49.683798,-2.967296,9.287044,2.113550,0.440563,3.609396,0.370140,1.772865
49.783765,-3.020801,9.371487,2.157943,0.447525,3.581313,0.374885,1.713271
49.883731,-3.078029,9.453452,2.202829,0.450430,3.554175,0.373267,1.662737
49.983698,-3.138889,9.532758,2.247260,0.438401,3.618981,0.367872,1.589960
50.083666,-3.203166,9.609322,2.290353,0.423684,3.683955,0.361061,1.506384
50.183633,-3.270627,9.683095,2.332095,0.411357,3.746117,0.350594,1.434405
50.283602,-3.341065,9.754033,2.372948,0.405908,3.766550,0.341992,1.375909
50.383570,-3.414323,9.822055,2.413340,0.402130,3.784371,0.356571,1.325475
50.483538,-3.490255,9.887077,2.453274,0.396736,3.801550,0.367570,1.270227
50.583507,-3.568707,9.949038,2.492269,0.383363,3.878998,0.382204,1.215306
50.683476,-3.649475,10.007947,2.529859,0.368626,3.958374,0.400634,1.165739
50.783446,-3.732360,10.063841,2.565998,0.354334,4.038756,0.415792,1.107286
50.883416,-3.817172,10.116764,2.600703,0.339943,4.125838,0.437385,1.055923
50.983386,-3.903734,10.166775,2.633998,0.326125,4.211227,0.459273,1.000667
51.083358,-3.991881,10.213938,2.665923,0.312537,4.295561,0.478224,0.943842
51.183328,-4.081458,10.258324,2.696636,0.301872,4.379200,0.506337,0.892942
51.283300,-4.172334,10.299987,2.726291,0.291366,4.460697,0.533000,0.832482
51.383272,-4.264386,10.338986,2.754910,0.281175,4.540573,0.556924,0.776780
51.483244,-4.357497,10.375382,2.782456,0.269863,4.619242,0.589450,0.730914
51.583215,-4.451556,10.409253,2.808881,0.258771,4.698140,0.619700,0.699682
51.683188,-4.546461,10.440680,2.834198,0.247706,4.777509,0.647496,0.672078
51.783160,-4.642114,10.469747,2.858448,0.237411,4.857489,0.673012,0.642185
51.883133,-4.738431,10.496536,2.881655,0.226845,4.937961,0.696401,0.610382
51.983107,-4.835331,10.521134,2.903827,0.216706,5.000000,0.717800,0.581695
52.083080,-4.932741,10.543627,2.924978,0.206424,5.000000,0.737331,0.555842
52.183053,-5.030594,10.564105,2.945119,0.196496,5.000000,0.755107,0.532625
52.283026,-5.128831,10.582657,2.964251,0.186228,5.000000,0.771231,0.511856
52.383000,-5.227397,10.599377,2.982378,0.176414,5.000000,0.785795,0.493350
52.482974,-5.326242,10.614356,2.999513,0.166370,5.000000,0.798888,0.476938
52.582948,-5.425323,10.627689,3.015659,0.156625,5.000000,0.810591,0.462464
52.682922,-5.524601,10.639469,3.030825,0.146772,5.000000,0.820985,0.449780
52.782897,-5.624041,10.649791,3.045010,0.137008,5.000000,0.830147,0.438747
52.882871,-5.723613,10.658750,3.058213,0.127108,5.000000,0.838151,0.429235
52.982845,-5.823291,10.666443,3.070443,0.117554,5.000000,0.845071,0.421118
53.082819,-5.923052,10.672964,3.081701,0.107652,5.000000,0.855324,0.414274
53.182794,-6.022878,10.678411,3.091989,0.098172,5.000000,0.866707,0.407239
53.282769,-6.122753,10.682878,3.101306,0.088217,5.000000,0.877269,0.398924
53.382744,-6.222664,10.686464,3.109644,0.078576,5.000000,0.887741,0.391563
53.482718,-6.322599,10.689265,3.117014,0.068858,5.000000,0.898928,0.379032
53.582693,-6.422552,10.691378,3.123417,0.059238,5.000000,0.909552,0.362768
53.682668,-6.522515,10.692899,3.128869,0.049830,5.000000,0.919323,0.347192
53.782643,-6.622485,10.693922,3.133375,0.040321,5.000000,0.920350,0.342589
53.882618,-6.722458,10.694542,3.136901,0.030215,5.000000,0.920997,0.341962
53.982593,-6.822432,10.694860,3.139417,0.020110,4.975707,0.921355,0.341641
54.082568,-6.922407,10.694977,3.140947,0.010505,4.899602,0.921478,0.341523
54.182543,-7.022382,10.694989,-3.141493,0.004402,4.820962,0.921489,0.341511
54.282518,-7.122357,10.694957,-3.141343,-0.001401,4.739735,0.921457,0.341543
54.382493,-7.222332,10.694939,3.141548,-0.004502,4.655795,0.921426,0.341561
54.482468,-7.322307,10.694966,3.141448,0.002501,4.568936,0.921435,0.341534
54.582443,-7.422282,10.694968,-3.141043,0.011406,4.478973,0.921421,0.341532
54.682418,-7.522257,10.694856,-3.139217,0.025113,4.385743,0.910979,0.347148
54.782392,-7.622231,10.694493,-3.135196,0.055329,4.289828,0.897314,0.353466
54.882368,-7.722202,10.693577,-3.127934,0.089955,4.191724,0.883549,0.360434
54.982342,-7.822160,10.691762,-3.117188,0.125003,4.091827,0.882712,0.360259
55.082316,-7.922087,10.688698,-3.102782,0.163206,3.990894,0.888797,0.361257
55.182290,-8.021951,10.684004,-3.084534,0.201847,3.889375,0.893266,0.362190
55.282263,-8.121698,10.677296,-3.062387,0.241182,3.788050,0.895010,0.350581
55.382236,-8.221255,10.668185,-3.036187,0.282955,3.687672,0.886242,0.341500
55.482206,-8.320512,10.656262,-3.005783,0.325282,3.588511,0.875769,0.345246
55.582177,-8.419329,10.641118,-2.971138,0.367795,3.490641,0.863447,0.378227
55.682145,-8.517520,10.622352,-2.932277,0.409606,3.393793,0.848690,0.416723
55.782113,-8.614860,10.599582,-2.889184,0.452473,3.297919,0.816079,0.445394
55.882079,-8.711069,10.572434,-2.841771,0.496024,3.202617,0.780844,0.473586
55.982043,-8.805812,10.540551,-2.789850,0.542666,3.108337,0.742471,0.510424
56.082005,-8.898685,10.503578,-2.733129,0.592031,3.015001,0.700319,0.562425
56.181964,-8.989206,10.461177,-2.671457,0.641723,2.921864,0.673710,0.626542
56.281921,-9.076820,10.413061,-2.604780,0.692139,2.827347,0.647851,0.688000
56.381875,-9.160895,10.359004,-2.532872,0.746376,2.730923,0.617921,0.744496
56.481825,-9.240703,10.298832,-2.455398,0.803493,2.630698,0.583112,0.818433
56.581771,-9.315423,10.232452,-2.371831,0.868263,2.526124,0.547289,0.907587
56.681713,-9.384103,10.159848,-2.281350,0.941813,2.417470,0.516306,0.912972
56.781648,-9.445649,10.081113,-2.183419,1.017292,2.317177,0.478755,0.936683
56.881578,-9.498880,9.996541,-2.077670,1.098205,2.224958,0.431577,0.982874
56.981500,-9.542520,9.906653,-1.962961,1.196567,2.121216,0.395962,0.969618
57.081410,-9.575117,9.812210,-1.838815,1.286905,2.021175,0.342917,0.933673
57.181315,-9.595326,9.714370,-1.708612,1.317763,2.012228,0.348098,0.923807
57.281218,-9.602507,9.614726,-1.574704,1.361059,1.975658,0.348687,0.931769
57.381113,-9.596105,9.515036,-1.436469,1.404242,1.919463,0.342164,0.972161
57.481009,-9.575816,9.417222,-1.298443,1.356855,1.979015,0.353202,0.949285
57.580912,-9.542483,9.323044,-1.165299,1.306685,2.021612,0.361465,0.956192
57.680819,-9.497164,9.234007,-1.036452,1.270865,2.036419,0.410985,0.932201
57.780731,-9.440925,9.151426,-0.913957,1.179588,2.137977,0.458937,0.836461
57.880654,-9.375353,9.076027,-0.801042,1.079275,2.246170,0.503937,0.775083
57.980585,-9.302037,9.008123,-0.697291,0.996265,2.344997,0.540292,0.724442
58.080523,-9.222327,8.947842,-0.601384,0.922355,2.444794,0.570214,0.630819
58.180466,-9.137400,8.895154,-0.512717,0.851414,2.552826,0.596233,0.561868
58.280414,-9.048297,8.849875,-0.430808,0.787189,2.660516,0.619024,0.511323
58.380364,-8.955907,8.811740,-0.355292,0.723488,2.783713,0.638006,0.475463
58.480320,-8.860998,8.780380,-0.286096,0.660783,2.906069,0.653589,0.451011
58.580279,-8.764223,8.755353,-0.222885,0.603762,3.026282,0.665940,0.431711
58.680240,-8.666112,8.736209,-0.164927,0.555691,3.146273,0.680770,0.416597
58.780204,-8.567087,8.722542,-0.111633,0.510450,3.263537,0.696944,0.408633
58.880168,-8.467493,8.713944,-0.062810,0.466254,3.380513,0.710193,0.376825
58.980135,-8.367604,8.709996,-0.018426,0.421647,3.498441,0.720682,0.350364
59.080104,-8.267636,8.710261,0.021472,0.376514,3.619438,0.724229,0.341501
59.180074,-8.167747,8.714288,0.056995,0.334131,3.744329,0.706924,0.359470
59.280045,-8.068047,8.721649,0.088641,0.298938,3.873299,0.686072,0.381169
59.380017,-7.968611,8.731986,0.116874,0.265865,4.002892,0.661818,0.404811
59.479989,-7.869485,8.744962,0.141763,0.232030,4.133816,0.642520,0.430653
59.579962,-7.770685,8.760234,0.163159,0.196002,4.266459,0.629403,0.458987
59.679936,-7.672203,8.777439,0.180918,0.159274,4.402081,0.614104,0.461098
59.779910,-7.574007,8.796210,0.195089,0.124206,4.540331,0.600011,0.464687
59.879885,-7.476051,8.816199,0.206146,0.096992,4.680532,0.606037,0.472517
59.979860,-7.378293,8.837137,0.214573,0.071591,4.809293,0.611235,0.494892
60.079834,-7.280688,8.858774,0.220380,0.044591,4.730012,0.615824,0.517805
60.179809,-7.183180,8.880846,0.223107,0.009951,4.646659,0.595112,0.550902
60.279784,-7.085694,8.903015,0.222255,-0.026989,4.559759,0.568533,0.600477
60.379759,-6.988148,8.924921,0.217772,-0.062702,4.471050,0.541716,0.648561
60.479734,-6.890467,8.946215,0.209898,-0.094818,4.380881,0.507253,0.680809
60.579709,-6.792589,8.966582,0.198863,-0.125932,4.289662,0.472702,0.700951
60.679683,-6.694463,8.985715,0.184722,-0.156949,4.197740,0.441152,0.719386
60.779657,-6.596049,9.003306,0.167417,-0.189241,4.105593,0.420074,0.728668
60.879630,-6.497320,9.019032,0.146876,-0.221687,4.013530,0.400924,0.722243
60.979603,-6.398268,9.032566,0.123095,-0.254054,3.921767,0.391596,0.714132
61.079574,-6.298905,9.043580,0.096095,-0.286080,3.830713,0.394428,0.704145
61.179546,-6.199268,9.051748,0.065880,-0.318372,3.740532,0.400505,0.712775
61.279516,-6.099422,9.056741,0.032430,-0.350790,3.651194,0.388633,0.731539
61.379485,-5.999464,9.058230,-0.004272,-0.383443,3.562671,0.373155,0.746881
61.479454,-5.899523,9.055887,-0.044298,-0.417275,3.474955,0.365013,0.758815
61.579422,-5.799767,9.049378,-0.087704,-0.451049,3.387808,0.379271,0.763198
61.679388,-5.700408,9.038379,-0.134476,-0.484634,3.300458,0.399226,0.759706
61.779352,-5.601700,9.022581,-0.184651,-0.519104,3.212584,0.422313,0.753317
61.879316,-5.503945,9.001684,-0.238355,-0.555251,3.123441,0.450826,0.744000
61.979277,-5.407502,8.975396,-0.295942,-0.596789,3.034112,0.485474,0.731731
62.079236,-5.312801,8.943405,-0.357894,-0.642558,2.944607,0.519830,0.708037
62.179193,-5.220350,8.905401,-0.424350,-0.686879,2.854154,0.565024,0.672178
62.279148,-5.130727,8.861144,-0.494596,-0.718393,2.794528,0.609853,0.630623
62.379100,-5.044513,8.810571,-0.567968,-0.749408,2.708641,0.653413,0.581239
62.479052,-4.962327,8.753687,-0.644930,-0.790220,2.597009,0.711470,0.531522
62.578999,-4.884890,8.690497,-0.727990,-0.871408,2.484453,0.762657,0.491193
62.678939,-4.813250,8.620814,-0.820088,-0.971023,2.370581,0.804022,0.443560
62.778871,-4.748707,8.544522,-0.921937,-1.066431,2.250867,0.868213,0.405150
62.878797,-4.692652,8.461799,-1.032089,-1.137159,2.183065,0.903577,0.390809
62.978715,-4.646347,8.373258,-1.149866,-1.218954,2.099934,0.919697,0.374009
63.078625,-4.611152,8.279753,-1.275771,-1.299721,2.012829,0.964081,0.387594
63.178529,-4.588371,8.182481,-1.406979,-1.325039,2.005825,0.960963,0.452844
63.278430,-4.578638,8.083055,-1.541179,-1.359630,1.976862,0.983932,0.409151
63.378326,-4.582468,7.983232,-1.679161,-1.400631,1.927739,0.974727,0.341466
63.478221,-4.600193,7.884922,-1.817477,-1.366285,1.971271,0.932980,0.351499
63.578123,-4.631142,7.789935,-1.952210,-1.329046,2.002475,0.923903,0.354401
63.678027,-4.674403,7.699884,-2.084000,-1.307365,2.007028,0.835040,0.374087
63.777934,-4.729034,7.616236,-2.210772,-1.228633,2.090530,0.777852,0.443107
63.877852,-4.793509,7.539904,-2.329171,-1.139952,2.180028,0.730638,0.493178
63.977778,-4.866252,7.471394,-2.439382,-1.064800,2.253737,0.638766,0.532138
64.077711,-4.945868,7.410997,-2.540756,-0.963160,2.387687,0.574881,0.565146
64.177651,-5.030929,7.358530,-2.631480,-0.851778,2.529550,0.524836,0.594016
64.277601,-5.120152,7.313484,-2.711777,-0.754571,2.668220,0.483653,0.619646
64.377554,-5.212520,7.275289,-2.784253,-0.695322,2.807908,0.455146,0.641846
64.477511,-5.307321,7.243601,-2.851396,-0.647866,2.935560,0.426698,0.667111
64.577470,-5.403976,7.218115,-2.913775,-0.600037,3.054786,0.405587,0.695435
64.677431,-5.501988,7.198469,-2.970592,-0.536575,3.168726,0.389785,0.720500
64.777396,-5.600916,7.184106,-3.020815,-0.468144,3.290187,0.370579,0.743196
64.877363,-5.700409,7.174387,-3.064396,-0.403682,3.420318,0.357430,0.759851
64.977333,-5.800216,7.168690,-3.102100,-0.350588,3.558259,0.355319,0.768489
65.077304,-5.900163,7.166494,-3.134645,-0.300480,3.698801,0.367747,0.774909
65.177275,-6.000131,7.167301,3.121104,-0.248386,3.842342,0.383389,0.779274
65.277248,-6.100050,7.170590,3.099653,-0.180752,3.989103,0.395702,0.775027
65.377222,-6.199894,7.175684,3.085183,-0.108721,4.143337,0.400496,0.767178
65.477197,-6.299678,7.181863,3.077783,-0.039299,4.302084,0.406284,0.757801
65.577172,-6.399437,7.188434,3.076536,0.014335,4.327835,0.404421,0.750155
65.677147,-6.499205,7.194862,3.080399,0.062947,4.229856,0.391863,0.744376
65.777121,-6.599011,7.200662,3.089124,0.111613,4.130645,0.378920,0.739069
65.877096,-6.698876,7.205348,3.102772,0.161399,4.031495,0.367030,0.733779
65.977070,-6.798802,7.208422,3.121415,0.211556,3.933609,0.355458,0.729234
66.077042,-6.898770,7.209382,-3.138361,0.256744,3.838481,0.342100,0.727028
66.177014,-6.998729,7.207776,-3.111732,0.275976,3.740077,0.350177,0.722649
66.276986,-7.098606,7.203413,-3.083623,0.286350,3.637176,0.363346,0.717669
66.376957,-7.198316,7.196193,-3.054503,0.296188,3.529136,0.375452,0.716126
66.476929,-7.297769,7.186024,-3.024736,0.299314,3.413709,0.392094,0.721470
66.576900,-7.396873,7.172884,-2.994757,0.300399,3.289896,0.405930,0.733262
66.676872,-7.495538,7.156774,-2.964528,0.304334,3.156661,0.431174,0.748819
66.776843,-7.593667,7.137670,-2.933098,0.324429,3.015227,0.460909,0.768236
66.876814,-7.691124,7.115394,-2.899335,0.350993,2.864094,0.486907,0.792115
66.976782,-7.787738,7.089713,-2.863796,0.359966,2.700874,0.540860,0.821312
67.076753,-7.883367,7.060572,-2.832387,0.268367,2.519614,0.600484,0.843570
67.176727,-7.978183,7.028875,-2.811901,0.141462,2.309149,0.660953,0.861860
67.276701,-8.072542,6.995840,-2.802008,0.056453,2.123679,0.716248,0.880029
67.376676,-8.166713,6.962273,-2.789267,0.198425,2.123679,0.758855,0.897039
67.476647,-8.260196,6.926846,-2.758344,0.420211,2.123679,0.791803,0.919853
67.576610,-8.352102,6.887527,-2.707201,0.602884,2.123679,0.813862,0.947830
67.676570,-8.441469,6.842745,-2.649546,0.550464,2.123679,0.829442,1.236574
67.776536,-8.528243,6.793112,-2.601194,0.416840,2.399589,0.840986,1.315468
67.876505,-8.612877,6.739905,-2.565080,0.305620,2.651298,0.824867,1.395274
67.976477,-8.695848,6.684136,-2.534216,0.311818,2.886033,0.805004,1.477560
68.076447,-8.777039,6.625809,-2.500542,0.361839,3.089746,0.783525,1.485658
68.176417,-8.856067,6.564584,-2.462370,0.401795,3.129557,0.760177,1.496711
68.276384,-8.932571,6.500236,-2.423471,0.376363,2.997961,0.340896,1.514394
68.376354,-9.006602,6.433054,-2.388398,0.325279,2.848216,0.387550,1.537195
68.476325,-9.078410,6.363500,-2.357574,0.291353,2.678099,0.393537,1.563841
68.576297,-9.148163,6.291883,-2.324344,0.373428,2.493703,0.380550,1.591473
68.676265,-9.215191,6.217716,-2.280403,0.505602,2.297806,0.364997,1.510776
68.776226,-9.278382,6.140262,-2.224720,0.608330,2.083957,0.674305,1.433473
68.876186,-9.336748,6.059111,-2.170246,0.481390,2.083957,0.716716,1.369374
68.976155,-9.391147,5.975239,-2.133389,0.255959,2.083957,0.763856,1.324816
69.076129,-9.443385,5.889998,-2.117451,0.062871,2.083957,0.818195,1.268007
69.176105,-9.495087,5.804429,-2.109554,0.095110,2.083957,0.876778,1.212717
69.276079,-9.545972,5.718374,-2.093367,0.228722,2.391212,0.927260,1.151089
69.376050,-9.594875,5.631180,-2.064566,0.347440,2.649845,0.967635,1.072776
69.476019,-9.640719,5.542343,-2.029446,0.355125,2.878517,1.000293,0.979872
69.575990,-9.683382,5.451932,-1.996010,0.313778,3.084086,1.031438,0.903383
69.675961,-9.723188,5.360228,-1.966477,0.277026,3.276975,1.061513,0.848778
69.775933,-9.760440,5.267455,-1.939138,0.269895,3.460649,1.090097,0.799735
69.875905,-9.795175,5.173712,-1.911845,0.276086,3.629339,1.115990,0.754826
69.975877,-9.827310,5.079045,-1.883988,0.281200,3.783540,1.139248,0.713931
70.075849,-9.856771,4.983513,-1.855999,0.278718,3.925802,1.160102,0.677060
70.175821,-9.883559,4.887197,-1.828402,0.273368,4.058137,1.179520,0.644182
70.275792,-9.907705,4.790185,-1.801332,0.268154,4.182262,1.197126,0.615057
70.375765,-9.929242,4.692560,-1.774664,0.265340,4.298935,1.212815,0.589461
70.475737,-9.948182,4.594398,-1.748221,0.263665,4.407693,1.226586,0.567220
70.575709,-9.964528,4.495772,-1.721941,0.262057,4.508702,1.240876,0.548451
70.675682,-9.978285,4.396750,-1.695847,0.259958,4.602334,1.260779,0.532840
70.775654,-9.989464,4.297405,-1.669960,0.257909,4.689295,1.278733,0.527317
70.875626,-9.998078,4.197805,-1.644269,0.256040,4.769998,1.294801,0.531708
70.975599,-10.004140,4.098016,-1.618747,0.254528,4.785701,1.309032,0.539018
71.075571,-10.007661,3.998106,-1.593366,0.253206,4.798572,1.311924,0.527574
71.175544,-10.008652,3.898138,-1.568110,0.252041,4.809971,1.309831,0.516657
71.275515,-10.007124,3.798178,-1.542968,0.250935,4.820227,1.306038,0.512549
71.375488,-10.003089,3.698287,-1.517928,0.249987,4.829130,1.300532,0.530765
71.475460,-9.996559,3.598528,-1.492965,0.249394,4.836515,1.286124,0.551978
71.575432,-9.987544,3.498963,-1.468070,0.248637,4.842487,1.259247,0.571111
71.675406,-9.976057,3.399652,-1.443231,0.248255,4.847019,1.230067,0.584689
71.775378,-9.962109,3.300657,-1.418429,0.247922,4.850045,1.198483,0.601204
71.875350,-9.945712,3.202039,-1.393644,0.247904,4.850812,1.176255,0.620499
71.975323,-9.926876,3.103857,-1.368856,0.247971,4.849843,1.160858,0.642683
72.075295,-9.905612,3.006172,-1.344059,0.248098,4.847348,1.143513,0.667984
72.175267,-9.881932,2.909045,-1.319239,0.248425,4.846052,1.124165,0.696490
72.275240,-9.855847,2.812535,-1.294400,0.248469,4.844034,1.104258,0.728295
72.375213,-9.827373,2.716703,-1.269530,0.249060,4.840554,1.082629,0.762144
72.475185,-9.796522,2.621610,-1.244562,0.250435,4.825851,1.058859,0.797782
72.575158,-9.763300,2.527319,-1.219434,0.252253,4.806868,1.032892,0.836528
72.675130,-9.727711,2.433896,-1.194125,0.254045,4.786508,1.004636,0.876044
72.775102,-9.689761,2.341407,-1.168780,0.252985,4.800624,0.973924,0.919398
72.875074,-9.649484,2.249907,-1.143611,0.250521,4.823915,0.940519,0.982636
72.975047,-9.606928,2.159444,-1.118633,0.249160,4.801929,0.908107,1.052170
73.075020,-9.562132,2.070069,-1.093528,0.253065,4.756916,0.879242,1.119537
73.174992,-9.515090,1.981857,-1.067870,0.260221,4.711982,0.848050,1.188866
73.274964,-9.465769,1.894898,-1.041521,0.266895,4.667148,0.814377,1.265579
73.374937,-9.414145,1.809285,-1.014694,0.269782,4.644487,0.783870,1.358740
73.474908,-9.360232,1.725097,-0.987639,0.271434,4.632376,0.753897,1.459433
73.574880,-9.304054,1.642402,-0.960438,0.272742,4.618555,0.721141,1.556656
73.674853,-9.245642,1.561269,-0.933049,0.275157,4.599394,0.685454,1.599591
73.774825,-9.185021,1.481774,-0.905413,0.277706,4.577514,0.403410,1.647396
73.874796,-9.122217,1.403993,-0.877527,0.280165,4.554225,0.348674,1.700368
73.974767,-9.057259,1.328001,-0.849445,0.281603,4.545566,0.356255,1.758789
74.074740,-8.990187,1.253867,-0.821266,0.282117,4.539867,0.356626,1.781477
74.174711,-8.921052,1.181655,-0.793020,0.282943,4.532329,0.344734,1.775579
74.274682,-8.849902,1.111427,-0.764780,0.281999,4.540835,0.800621,1.773932
74.374655,-8.776800,1.043232,-0.736655,0.280648,4.552918,0.875084,1.776516
74.474627,-8.701814,0.977115,-0.708697,0.278651,4.563002,0.953697,1.783305
74.574599,-8.625015,0.913112,-0.681266,0.270102,4.640778,1.032386,1.784248
74.674571,-8.546516,0.851206,-0.654844,0.258461,4.717454,1.106032,1.717258
74.774543,-8.466444,0.791349,-0.629553,0.247500,4.795233,1.179405,1.656343
74.874516,-8.384915,0.733491,-0.605159,0.240491,4.874180,1.254142,1.600768
74.974488,-8.302019,0.677610,-0.581369,0.235437,4.951055,1.324262,1.549827
75.074461,-8.217830,0.623695,-0.558068,0.230706,5.000000,1.390238,1.451631
75.174434,-8.132420,0.571736,-0.535249,0.225783,5.000000,1.452490,1.352876
75.274407,-8.045859,0.521718,-0.512917,0.220954,5.000000,1.481937,1.260695
75.374380,-7.958214,0.473624,-0.491059,0.216334,5.000000,1.509354,1.190901
75.474353,-7.869550,0.427437,-0.469694,0.211069,5.000000,1.535152,1.126031
75.574326,-7.779931,0.383131,-0.448875,0.205400,5.000000,1.559448,1.069735
75.674300,-7.689420,0.340674,-0.428608,0.200047,5.000000,1.582311,1.029427
75.774273,-7.598079,0.300036,-0.408873,0.194755,5.000000,1.603793,0.992206
75.874247,-7.505964,0.261184,-0.389648,0.189834,5.000000,1.602642,0.951810
75.974220,-7.413128,0.224087,-0.370913,0.184966,5.000000,1.597056,0.909839
76.074194,-7.319622,0.188713,-0.352670,0.179990,5.000000,1.590076,0.866026
76.174168,-7.225494,0.155027,-0.334919,0.175106,5.000000,1.581698,0.814885
76.274142,-7.130791,0.122994,-0.317664,0.170094,5.000000,1.571917,0.709034
76.374115,-7.035557,0.092576,-0.300892,0.165415,5.000000,1.558665,0.673271
76.474089,-6.939833,0.063737,-0.284598,0.160551,5.000000,1.542284,0.652179
76.574064,-6.843658,0.036438,-0.268777,0.155953,5.000000,1.524405,0.625974
76.674037,-6.747070,0.010642,-0.253417,0.151331,5.000000,1.505020,0.599192
76.774011,-6.650102,-0.013690,-0.238528,0.146522,5.000000,1.485861,0.574311
76.873985,-6.552788,-0.036599,-0.224104,0.142034,5.000000,1.466589,0.554348
76.973960,-6.455158,-0.058124,-0.210136,0.137382,5.000000,1.445879,0.536091
77.073934,-6.357242,-0.078306,-0.196630,0.132820,5.000000,1.424907,0.519427
77.173908,-6.259067,-0.097186,-0.183581,0.128221,5.000000,1.411260,0.505752
77.273882,-6.160658,-0.114806,-0.170984,0.123776,5.000000,1.396387,0.493591
77.373857,-6.062038,-0.131207,-0.158830,0.119367,5.000000,1.380302,0.482797
77.473832,-5.963229,-0.146430,-0.147135,0.114596,5.000000,1.366416,0.466499
77.573806,-5.864252,-0.160520,-0.135889,0.110367,5.000000,1.352219,0.450433
77.673781,-5.765126,-0.173517,-0.125085,0.105781,5.000000,1.336923,0.435604
77.773755,-5.665868,-0.185465,-0.114727,0.101418,5.000000,1.324752,0.419674
77.873730,-5.566494,-0.196406,-0.104815,0.096878,5.000000,1.314836,0.404205
77.973704,-5.467019,-0.206384,-0.095350,0.092476,5.000000,1.303981,0.389810
78.073679,-5.367455,-0.215442,-0.086325,0.088065,5.000000,1.291153,0.384754
78.173653,-5.267816,-0.223623,-0.077744,0.083603,5.000000,1.275668,0.384636
78.273629,-5.168111,-0.230971,-0.069604,0.079224,5.000000,1.259288,0.385379
78.373603,-5.068352,-0.237529,-0.061906,0.074786,5.000000,1.245103,0.376557
78.473578,-4.968546,-0.243341,-0.054641,0.070538,5.000000,1.239755,0.361203
78.573553,-4.868702,-0.248449,-0.047796,0.066411,5.000000,1.233725,0.346626
78.673528,-4.768826,-0.252894,-0.041367,0.062185,5.000000,1.226830,0.343006
78.773503,-4.668924,-0.256718,-0.035326,0.058664,5.000000,1.217976,0.350607
78.873477,-4.569002,-0.259956,-0.029622,0.055454,5.000000,1.208528,0.358804
78.973452,-4.469063,-0.262640,-0.024238,0.052242,5.000000,1.199380,0.362950
79.073428,-4.369111,-0.264802,-0.019171,0.049133,5.000000,1.201660,0.361231
79.173403,-4.269150,-0.266473,-0.014404,0.046227,5.000000,1.203486,0.360014
79.273377,-4.169183,-0.267682,-0.009933,0.043225,5.000000,1.204882,0.359440
79.373352,-4.069211,-0.268459,-0.005761,0.040221,5.000000,1.205907,0.359625
79.473327,-3.969237,-0.268834,-0.001890,0.037219,5.000000,1.206553,0.360218
79.573302,-3.869262,-0.268837,0.001690,0.034417,5.000000,1.206845,0.360591
79.673277,-3.769287,-0.268496,0.004971,0.031216,5.000000,1.206050,0.359868
79.773252,-3.669314,-0.267843,0.007952,0.028416,5.000000,1.204921,0.359463
79.873227,-3.569344,-0.266906,0.010643,0.025414,5.000000,1.203512,0.359615
79.973202,-3.469376,-0.265715,0.013034,0.022413,5.000000,1.202318,0.360816
80.073177,-3.369411,-0.264300,0.015124,0.019412,5.000000,1.200938,0.362241
80.173152,-3.269449,-0.262691,0.016920,0.016511,5.000000,1.199364,0.363861
80.273127,-3.169490,-0.260917,0.018421,0.013508,5.000000,1.197621,0.365645
80.373102,-3.069533,-0.259008,0.019621,0.010507,5.000000,1.195740,0.367563
80.473077,-2.969578,-0.256994,0.020527,0.007606,5.000000,1.193747,0.366349
80.573052,-2.869625,-0.254904,0.021152,0.004903,5.000000,1.183403,0.355820
80.673027,-2.769673,-0.252765,0.021517,0.002401,5.000000,1.171398,0.345352
80.773002,-2.669721,-0.250602,0.021632,-0.000098,5.000000,1.159332,0.341997
80.872977,-2.569770,-0.248440,0.021552,-0.001503,5.000000,1.137828,0.356208
80.972952,-2.469818,-0.246293,0.021377,-0.002003,5.000000,1.113923,0.370400
81.072927,-2.369865,-0.244166,0.021137,-0.002801,5.000000,1.090023,0.379988
81.172902,-2.269912,-0.242067,0.020842,-0.003101,5.000000,1.079856,0.381826
81.272877,-2.169959,-0.239999,0.020517,-0.003405,5.000000,1.074186,0.383632
81.372852,-2.070004,-0.237965,0.020161,-0.003701,5.000000,1.068550,0.378100
81.472827,-1.970049,-0.235968,0.019791,-0.003703,5.000000,1.056187,0.364586
81.572803,-1.870093,-0.234008,0.019406,-0.004001,5.000000,1.040451,0.351034
81.672777,-1.770137,-0.232088,0.018991,-0.004305,5.000000,1.024754,0.346293
81.772753,-1.670179,-0.230211,0.018556,-0.004401,5.000000,1.015590,0.347790
81.872727,-1.570221,-0.228378,0.018101,-0.004703,5.000000,1.011456,0.349242
81.972702,-1.470262,-0.226592,0.017620,-0.004903,5.000000,1.007369,0.362845
82.072678,-1.370302,-0.224855,0.017125,-0.005003,5.000000,0.998994,0.380632
82.172653,-1.270341,-0.223168,0.016610,-0.005302,5.000000,0.984432,0.398363
82.272627,-1.170380,-0.221534,0.016065,-0.005605,5.000000,0.969923,0.401966
82.372603,-1.070417,-0.219956,0.015499,-0.005702,5.000000,0.958536,0.405188
82.472577,-0.970454,-0.218435,0.014914,-0.006005,5.000000,0.956235,0.406181
82.572553,-0.870489,-0.216974,0.014309,-0.006102,5.000000,0.953994,0.394459
82.672528,-0.770524,-0.215574,0.013689,-0.006304,5.000000,0.951091,0.382675
82.772503,-0.670558,-0.214237,0.013039,-0.006704,5.000000,0.935340,0.372315
82.872478,-0.570591,-0.212967,0.012363,-0.006804,5.000000,0.919656,0.377606
82.972453,-0.470623,-0.211765,0.011673,-0.007003,5.000000,0.901328,0.382829
83.072427,-0.370655,-0.210633,0.010963,-0.007205,5.000000,0.839661,0.387982
83.172403,-0.270685,-0.209573,0.010233,-0.007403,5.000000,0.778111,0.398864
83.272378,-0.170715,-0.208587,0.009473,-0.007805,5.000000,0.712957,0.410309
83.372353,-0.070744,-0.207679,0.008697,-0.007704,5.000000,0.643734,0.421675
