# s_m,x_m,y_m,trac_dir,kappa_radpm,vx_mps,dist_left_m,dist_right_m
0.000000,22.561531,3.704504,0.465510,0.449001,3.574304,0.550141,0.842894
0.099999,22.649835,3.751414,0.511501,0.471165,3.486011,0.517187,0.913093
0.199999,22.735831,3.802432,0.559806,0.495215,3.396907,0.479674,0.979192
0.299998,22.819194,3.857645,0.610592,0.520711,3.309183,0.457449,1.022359
0.399998,22.899569,3.917121,0.663975,0.547040,3.225015,0.434315,1.075944
0.499997,22.976570,3.980903,0.720001,0.573392,3.146562,0.406454,1.141751
0.599996,23.049804,4.048977,0.778045,0.588175,3.104840,0.373131,1.221676
0.699996,23.118906,4.121240,0.837774,0.607073,3.053706,0.351402,1.292868
0.799995,23.183494,4.197563,0.899582,0.629649,2.995615,0.341480,1.259726
0.899995,23.243149,4.277800,0.963806,0.655251,2.933341,0.396458,1.237965
0.999994,23.297419,4.361770,1.030704,0.682969,2.869837,0.475741,1.227991
1.099993,23.345919,4.449200,1.097410,0.651009,2.943410,0.545073,1.230266
1.199993,23.388629,4.539602,1.160961,0.620385,3.019075,0.604865,1.244163
1.299992,23.425650,4.632481,1.221580,0.592536,3.092827,0.656220,1.201841
1.399992,23.457103,4.727391,1.279587,0.568244,3.161465,0.700826,1.111613
1.499991,23.483112,4.823936,1.335366,0.548050,3.221904,0.739791,1.036678
1.599990,23.503813,4.921758,1.388615,0.516683,3.299835,0.776365,0.974703
1.699990,23.519435,5.020519,1.438690,0.484842,3.377689,0.810712,0.923851
1.799989,23.530252,5.119923,1.485601,0.453530,3.456221,0.841782,0.853542
1.899989,23.536550,5.219716,1.529435,0.423392,3.535678,0.869996,0.783998
1.999988,23.538617,5.319688,1.570333,0.394854,3.616023,0.895647,0.723894
2.099987,23.536748,5.419664,1.608036,0.358986,3.697066,0.919095,0.671785
2.199987,23.531293,5.519510,1.642114,0.322554,3.780928,0.940325,0.643386
2.299986,23.522620,5.619129,1.672548,0.286173,3.867454,0.953616,0.626308
2.399986,23.511101,5.718460,1.699361,0.250171,3.956289,0.965298,0.613011
2.499985,23.497099,5.817472,1.722600,0.214693,4.046767,0.975501,0.602885
2.599984,23.480948,5.916157,1.743140,0.196273,4.138185,0.984265,0.594444
2.699984,23.462863,6.014506,1.761850,0.177912,4.227747,0.991593,0.569363
2.799983,23.443032,6.112518,1.778721,0.159509,4.315660,0.997584,0.546655
2.899983,23.421639,6.210201,1.793752,0.141125,4.402081,1.007067,0.526020
2.999982,23.398870,6.307573,1.806948,0.122793,4.487100,1.017230,0.507181
3.099982,23.374950,6.404669,1.816994,0.077835,4.570755,1.026678,0.495535
3.199981,23.350274,6.501576,1.822513,0.032544,4.655095,1.035868,0.491198
3.299980,23.325283,6.598402,1.823503,-0.012745,4.738650,1.045188,0.487284
3.399980,23.300415,6.695260,1.819964,-0.058030,4.818454,1.055091,0.483331
3.499979,23.276110,6.792261,1.811898,-0.103296,4.892268,1.057316,0.476633
3.599979,23.252769,6.889497,1.800527,-0.123826,4.961318,1.058175,0.455318
3.699978,23.230634,6.987016,1.787132,-0.144093,5.009902,1.060465,0.432922
3.799977,23.209907,7.084842,1.771708,-0.164370,4.895722,1.064478,0.409227
3.899977,23.190790,7.182996,1.754259,-0.184599,4.783638,1.070522,0.385966
3.999976,23.173488,7.281486,1.734794,-0.204688,4.673622,1.065171,0.376873
4.099976,23.158212,7.380310,1.713125,-0.228824,4.567545,1.040832,0.365932
4.199975,23.145201,7.479457,1.689014,-0.253478,4.465983,1.019050,0.352938
4.299974,23.134708,7.578901,1.662416,-0.278533,4.369542,1.000216,0.341471
4.399974,23.126989,7.678599,1.633298,-0.303857,4.278894,0.984733,0.388525
4.499973,23.122303,7.778484,1.601643,-0.329235,4.194780,0.965047,0.431021
4.599973,23.120842,7.878469,1.569415,-0.314518,4.248780,0.932642,0.469403
4.699972,23.122527,7.978450,1.538734,-0.299161,4.304158,0.905080,0.508452
4.799971,23.127202,8.078337,1.509572,-0.284141,4.361034,0.881899,0.554428
4.899971,23.134713,8.178051,1.481891,-0.269556,4.419164,0.862700,0.597113
4.999970,23.144910,8.277526,1.455644,-0.255473,4.478307,0.841541,0.636863
5.099970,23.157650,8.376709,1.430628,-0.244938,4.538241,0.810844,0.674352
5.199969,23.172814,8.475549,1.406656,-0.234503,4.597925,0.783631,0.710411
5.299968,23.190293,8.574007,1.383725,-0.224141,4.657412,0.759631,0.744138
5.399968,23.209974,8.672049,1.361824,-0.213903,4.716745,0.738601,0.775724
5.499967,23.231747,8.769647,1.340939,-0.203830,4.775940,0.719879,0.805334
5.599967,23.255470,8.866790,1.322199,-0.170203,4.834994,0.701767,0.831270
5.699966,23.280842,8.963516,1.306903,-0.135710,4.898834,0.686014,0.853504
5.799965,23.307525,9.059890,1.295057,-0.101233,4.966061,0.672121,0.875121
5.899965,23.335182,9.155988,1.286655,-0.066815,5.035335,0.659629,0.896423
5.999964,23.363481,9.251900,1.281692,-0.032440,5.105457,0.648115,0.917732
6.099964,23.392125,9.347709,1.279042,-0.021348,5.175306,0.621935,0.940425
6.199963,23.420974,9.443456,1.277422,-0.011044,5.243544,0.595910,0.970842
6.299962,23.449929,9.539172,1.276833,-0.000734,5.310135,0.570169,1.001438
6.399962,23.478891,9.634886,1.277275,0.009578,5.375010,0.544587,1.032342
6.499961,23.507761,9.730627,1.278748,0.019886,5.438070,0.519610,1.063691
6.599961,23.536423,9.826431,1.281804,0.041606,5.498799,0.498231,1.095827
6.699960,23.564687,9.922353,1.287070,0.063724,5.556655,0.476647,1.119434
6.799959,23.592339,10.018453,1.294549,0.085846,5.611035,0.454620,1.141682
6.899959,23.619164,10.114787,1.304239,0.107958,5.581155,0.431913,1.165485
6.999958,23.644949,10.211404,1.316139,0.130026,5.477904,0.410669,1.191189
7.099958,23.669481,10.308347,1.330018,0.147421,5.377957,0.388975,1.219092
7.199957,23.692582,10.405640,1.345626,0.164762,5.281750,0.365893,1.243634
7.299956,23.714077,10.503301,1.362973,0.182189,5.189815,0.345473,1.230912
7.399956,23.733789,10.601337,1.382065,0.199659,5.102729,0.346097,1.220256
7.499955,23.751540,10.699746,1.402904,0.217098,5.021148,0.344864,1.211949
7.599955,23.767161,10.798516,1.425124,0.227102,4.940275,0.341640,1.206288
7.699954,23.780536,10.897615,1.448330,0.237043,4.859824,0.355340,1.203487
7.799953,23.791558,10.997003,1.472538,0.247136,4.779617,0.367753,1.189522
7.899953,23.800120,11.096632,1.497760,0.257328,4.699393,0.377806,1.165004
7.999952,23.806117,11.196449,1.524004,0.267549,4.618783,0.387137,1.143829
8.099952,23.809439,11.296390,1.551310,0.278679,4.538010,0.416854,1.126125
8.199951,23.809975,11.396385,1.579754,0.290284,4.456960,0.443456,1.112036
8.299950,23.807608,11.496353,1.609379,0.302276,4.375402,0.466961,1.091063
8.399950,23.802221,11.596203,1.640219,0.314570,4.292968,0.487385,1.066977
8.499949,23.793696,11.695834,1.672299,0.327055,4.209119,0.504746,1.047105
8.599949,23.781935,11.795135,1.705077,0.328155,4.201867,0.522479,1.031642
8.699948,23.766923,11.893997,1.737938,0.329098,4.195682,0.537444,1.021567
8.799948,23.748665,11.992311,1.770904,0.330271,4.173782,0.549544,1.016620
8.899947,23.727171,12.089969,1.803999,0.331661,4.077906,0.558838,1.016088
8.999946,23.702450,12.186860,1.837243,0.333248,3.971578,0.565370,1.019996
9.099946,23.674478,12.282863,1.871838,0.359678,3.866850,0.569110,1.035558
9.199945,23.643071,12.377796,1.909219,0.388125,3.764104,0.570187,1.058288
9.299945,23.608004,12.471439,1.949495,0.417512,3.663082,0.568285,1.087434
9.399944,23.569059,12.563534,1.992739,0.447421,3.563106,0.563260,1.124007
9.499943,23.526034,12.653795,2.038976,0.477249,3.462842,0.554982,1.169388
9.599943,23.478785,12.741917,2.087046,0.483495,3.439511,0.543209,1.224348
9.699942,23.427331,12.827652,2.135722,0.490269,3.414704,0.526065,1.289485
9.799942,23.371736,12.910762,2.185144,0.498372,3.385685,0.488591,1.366066
9.899941,23.312070,12.990998,2.235435,0.507618,3.353418,0.445428,1.383031
9.999940,23.248409,13.068102,2.286698,0.517771,3.318970,0.395768,1.379042
10.099940,23.180838,13.141804,2.339192,0.532754,3.269921,0.365724,1.383962
10.199939,23.109438,13.211801,2.393341,0.550660,3.213911,0.361897,1.398343
10.299939,23.034293,13.277760,2.449404,0.570946,3.153617,0.354878,1.423023
10.399938,22.955507,13.339322,2.507593,0.593094,3.091300,0.346514,1.369138
10.499937,22.873210,13.396104,2.568061,0.616407,3.029310,0.341434,1.281220
10.599937,22.787599,13.447753,2.629197,0.604317,3.061017,0.369509,1.208195
10.699936,22.699024,13.494137,2.688982,0.591758,3.094962,0.392048,1.149303
10.799936,22.607859,13.535199,2.747626,0.581518,3.123435,0.409534,1.102743
10.899935,22.514461,13.570892,2.805372,0.573869,3.145191,0.422306,1.035803
10.999934,22.419168,13.601167,2.862492,0.569005,3.159248,0.441426,0.978345
11.099934,22.322308,13.625976,2.919095,0.563029,3.176766,0.460650,0.931886
11.199933,22.224205,13.645295,2.975146,0.558250,3.190973,0.475320,0.895435
11.299933,22.125177,13.659108,3.030799,0.555087,3.200476,0.485678,0.873384
11.399932,22.025534,13.667405,3.086221,0.553639,3.204853,0.491885,0.859892
11.499931,21.925585,13.670173,3.141585,0.553955,3.203895,0.494033,0.854657
11.599931,21.825636,13.667417,3.196577,0.545121,3.230945,0.493882,0.861716
11.699930,21.725985,13.659218,3.250641,0.536362,3.258413,0.493946,0.881537
11.799930,21.626917,13.645688,3.303894,0.528931,3.282239,0.490047,0.909570
11.899929,21.528702,13.626937,3.356478,0.523012,3.301578,0.482150,0.946060
11.999928,21.431602,13.603077,3.408551,0.518737,3.315744,0.470166,0.971815
12.099928,21.335875,13.574199,3.460745,0.526458,3.290282,0.453990,1.001168
12.199927,21.241800,13.540323,3.513909,0.537102,3.256065,0.440051,1.039581
12.299927,21.149681,13.501444,3.568218,0.549322,3.218003,0.437768,1.088008
12.399926,21.059836,13.457565,3.623815,0.562789,3.177475,0.431313,1.137993
12.499925,20.972603,13.408702,3.680804,0.577090,3.135977,0.420548,1.198147
12.599925,20.888324,13.354903,3.738669,0.579262,3.129806,0.405215,1.271460
12.699924,20.807302,13.296314,3.796744,0.582719,3.120056,0.389041,1.359302
12.799924,20.729832,13.233103,3.855306,0.588956,3.102680,0.376692,1.429017
12.899923,20.656219,13.165441,3.914623,0.597809,3.078475,0.359692,1.400727
12.999922,20.586781,13.093501,3.974947,0.609038,3.048525,0.342296,1.383607
13.099922,20.521818,13.017496,4.034975,0.587810,3.105852,0.403674,1.377674
13.199921,20.461432,12.937804,4.092513,0.563161,3.176377,0.479241,1.382407
13.299921,20.405628,12.854838,4.147662,0.540153,3.246445,0.541815,1.397052
13.399920,20.354386,12.768978,4.200618,0.519374,3.313623,0.574505,1.311528
13.499919,20.307671,12.680572,4.251626,0.501253,3.375536,0.602659,1.238574
13.599919,20.265442,12.589938,4.300762,0.481014,3.448726,0.626752,1.177477
13.699918,20.227619,12.497377,4.347830,0.460400,3.520164,0.647211,1.126711
13.799918,20.194096,12.403173,4.392862,0.440393,3.590416,0.664322,1.090590
13.899917,20.164754,12.307582,4.435941,0.421370,3.659846,0.682990,1.067072
13.999916,20.139465,12.210840,4.477179,0.403615,3.728595,0.699623,1.050182
14.099916,20.118088,12.113159,4.516212,0.375601,3.796649,0.713425,1.039346
14.199915,20.100393,12.014743,4.552278,0.345724,3.867740,0.724676,1.027157
14.299915,20.086111,11.915773,4.585361,0.315988,3.942105,0.733531,1.006701
14.399914,20.074963,11.816401,4.615491,0.286704,4.019225,0.740127,0.990978
14.499913,20.066668,11.716749,4.642723,0.258047,4.098379,0.744817,0.979330
14.599913,20.060965,11.616915,4.667689,0.242946,4.179097,0.747667,0.970707
14.699912,20.057688,11.516971,4.691321,0.229699,4.258422,0.748549,0.964028
14.799912,20.056708,11.416979,-1.569557,0.216454,4.336215,0.747527,0.960221
14.899911,20.057892,11.316988,-1.548571,0.203279,4.412701,0.744667,0.959058
14.999911,20.061108,11.217042,-1.528897,0.190224,4.488044,0.740032,0.961146
15.099910,20.066217,11.117174,-1.510803,0.170844,4.562365,0.734400,0.967363
15.199909,20.073031,11.017409,-1.494736,0.150478,4.636810,0.728499,0.975465
15.299909,20.081346,10.917756,-1.480707,0.130125,4.711386,0.721132,0.985160
15.399908,20.090957,10.818220,-1.468710,0.109822,4.785900,0.712439,0.995854
15.499908,20.101660,10.718796,-1.458740,0.089580,4.860136,0.702568,1.004902
15.599907,20.113256,10.619471,-1.450731,0.070790,4.933866,0.691683,1.014774
15.699906,20.125554,10.520231,-1.444582,0.052181,5.006751,0.677661,1.025239
15.799906,20.138370,10.421056,-1.440295,0.033560,5.078582,0.661981,1.036072
15.899905,20.151518,10.321925,-1.437870,0.014936,5.149147,0.645755,1.046645
15.999905,20.164815,10.222814,-1.437308,-0.003687,5.218215,0.629174,1.056510
16.099904,20.178073,10.123697,-1.438680,-0.023976,5.285238,0.612433,1.066134
16.199903,20.191093,10.024549,-1.442105,-0.044511,5.349731,0.594757,1.075311
16.299903,20.203672,9.925344,-1.447582,-0.065048,5.403499,0.577031,1.083851
16.399902,20.215606,9.826059,-1.455114,-0.085575,5.281101,0.559819,1.091583
16.499902,20.226689,9.726677,-1.464696,-0.106071,5.159574,0.543365,1.097113
16.599901,20.236717,9.627182,-1.476353,-0.127146,5.039421,0.529539,1.101511
16.699900,20.245479,9.527568,-1.490129,-0.148384,4.920969,0.521606,1.104708
16.799900,20.252761,9.427835,-1.506032,-0.169685,4.804426,0.515212,1.106592
16.899899,20.258351,9.327993,-1.524066,-0.190998,4.689888,0.510618,1.107064
16.999899,20.262033,9.228063,-1.544228,-0.212237,4.577310,0.508230,1.106038
17.099898,20.263590,9.128078,-1.566612,-0.235773,4.467633,0.509944,1.107799
17.199897,20.262789,9.028084,4.691790,-0.259941,4.361165,0.514337,1.114423
17.299897,20.259390,8.928145,4.664579,-0.284308,4.257985,0.521759,1.118966
17.399896,20.253151,8.828344,4.634928,-0.308693,4.158017,0.533944,1.121422
17.499896,20.243835,8.728784,4.602849,-0.332835,4.060937,0.570084,1.121799
17.599895,20.231215,8.629589,4.568498,-0.353972,3.964542,0.611441,1.120116
17.699894,20.215092,8.530903,4.532013,-0.375938,3.868551,0.658729,1.116397
17.799894,20.195270,8.432894,4.493272,-0.399073,3.772766,0.712005,1.110672
17.899893,20.171553,8.335754,4.452168,-0.423134,3.676697,0.746997,1.102977
17.999893,20.143748,8.239706,4.408626,-0.447766,3.579411,0.789052,1.085663
18.099892,20.111689,8.144994,4.363212,-0.458778,3.534578,0.839031,1.060725
18.199891,20.075319,8.051852,4.316879,-0.467895,3.498646,0.897622,1.032679
18.299891,20.034633,7.960514,4.269637,-0.476922,3.398965,0.954428,1.001147
18.399890,19.989640,7.871220,4.221507,-0.485598,3.273186,0.995235,0.965641
18.499890,19.940366,7.784214,4.172539,-0.493637,3.129730,1.044841,0.925517
18.599889,19.886797,7.699784,4.120269,-0.560526,2.987341,1.105393,0.881809
18.699888,19.828579,7.618496,4.060105,-0.644068,2.849516,1.182012,0.837003
18.799888,19.765249,7.541130,3.991213,-0.734775,2.715975,1.263561,0.782904
18.899887,19.696412,7.468630,3.913014,-0.829451,2.583832,1.237887,0.723793
18.999887,19.621810,7.402084,3.825399,-0.921723,2.445261,1.228287,0.655353
19.099886,19.541464,7.342608,3.732417,-0.922358,2.444352,1.237880,0.556471
19.199885,19.455976,7.290792,3.640753,-0.912797,2.458135,1.267506,0.387394
19.299885,19.366116,7.246991,3.549477,-0.914554,2.455585,1.235357,0.376992
19.399884,19.272628,7.211590,3.457478,-0.927129,2.437552,1.178313,0.372231
19.499884,19.176264,7.185004,3.363723,-0.949472,2.406375,1.142235,0.377393
19.599883,19.077818,7.167653,3.268505,-0.946000,2.411150,1.126304,0.375423
19.699882,18.978172,7.159684,3.174414,-0.937532,2.422901,1.108839,0.361712
19.799882,18.878216,7.161089,3.080642,-0.939662,2.419931,1.094662,0.340914
19.899881,18.778836,7.171874,2.986122,-0.952464,2.402282,1.099665,0.419411
19.999881,18.680935,7.192070,2.889810,-0.975356,2.371568,1.124640,0.507862
20.099880,18.585461,7.221682,2.792275,-0.954850,2.399030,1.124859,0.569487
20.199879,18.493238,7.260254,2.699562,-0.899813,2.477193,1.081374,0.627485
20.299879,18.404851,7.306962,2.612157,-0.849334,2.555286,1.057722,0.674867
20.399878,18.320747,7.361008,2.529430,-0.806693,2.626745,1.050879,0.714318
20.499878,18.241274,7.421663,2.450487,-0.773916,2.685549,1.059003,0.747616
20.599877,18.166733,7.488289,2.374314,-0.750200,2.730425,0.995059,0.775691
20.699877,18.097396,7.560315,2.300396,-0.728532,2.773284,0.866750,0.799305
20.799876,18.033486,7.637200,2.228514,-0.709644,2.812204,0.763524,0.819073
20.899875,17.975190,7.718426,2.158339,-0.694549,2.844417,0.680054,0.839190
20.999875,17.922675,7.803504,2.089452,-0.684006,2.867534,0.611858,0.862826
21.099874,17.876094,7.891971,2.021977,-0.648365,2.949734,0.543107,0.882706
21.199874,17.835316,7.983261,1.961163,-0.567445,3.036675,0.488347,0.901274
21.299873,17.799778,8.076721,1.908519,-0.485555,3.133616,0.444547,0.919047
21.399872,17.768819,8.171799,1.863996,-0.405296,3.238757,0.409099,0.935950
21.499872,17.741739,8.268057,1.827369,-0.327719,3.350101,0.388319,0.951952
21.599871,17.717837,8.365155,1.797744,-0.285267,3.465779,0.373983,0.966994
21.699871,17.696747,8.462902,1.768661,-0.296424,3.578176,0.362966,0.981169
21.799870,17.678564,8.561230,1.738457,-0.307653,3.681296,0.355246,1.000170
21.899869,17.663414,8.660071,1.707132,-0.318837,3.775397,0.350300,1.016479
21.999869,17.651423,8.759345,1.674696,-0.329840,3.860613,0.344342,1.030169
22.099868,17.642707,8.858959,1.641485,-0.324345,3.939832,0.342051,1.041372
22.199868,17.637210,8.958803,1.610634,-0.292713,4.014892,0.343342,1.050692
22.299867,17.634638,9.058766,1.582934,-0.261349,4.092894,0.347833,1.058331
22.399866,17.634679,9.158764,1.558349,-0.230448,4.173230,0.351629,1.064022
22.499866,17.637025,9.258734,1.536827,-0.200084,4.255318,0.354252,1.065771
22.599865,17.641372,9.358637,1.518228,-0.174763,4.338613,0.358989,1.065985
22.699865,17.647469,9.458450,1.501651,-0.156758,4.421968,0.365562,1.064764
22.799864,17.655130,9.558154,1.486881,-0.138625,4.504239,0.373763,1.062193
22.899863,17.664172,9.657743,1.473928,-0.120431,4.585476,0.384147,1.058364
22.999863,17.674412,9.757216,1.462795,-0.102220,4.665674,0.395983,1.051070
23.099862,17.685669,9.856580,1.453507,-0.082787,4.744784,0.408826,1.024847
23.199862,17.697746,9.955847,1.446300,-0.061364,4.822820,0.422443,0.997108
23.299861,17.710433,10.055038,1.441234,-0.039942,4.899745,0.436589,0.968043
23.399860,17.723515,10.154178,1.438311,-0.018528,4.975303,0.450219,0.937882
23.499860,17.736782,10.253294,1.437528,0.002880,5.049215,0.463871,0.907066
23.599859,17.750019,10.352413,1.438881,0.023993,5.120886,0.477358,0.894611
23.699859,17.763019,10.451564,1.442313,0.044638,5.189824,0.490467,0.882182
23.799858,17.775577,10.550772,1.447809,0.065290,5.255654,0.502991,0.870014
23.899857,17.787486,10.650059,1.455370,0.085940,5.317943,0.512421,0.858351
23.999857,17.798542,10.749445,1.464996,0.106568,5.209910,0.520805,0.851052
24.099856,17.808538,10.848943,1.476684,0.127228,5.091699,0.528079,0.855855
24.199856,17.817267,10.948560,1.490448,0.148076,4.975410,0.534078,0.862166
24.299855,17.824520,11.048295,1.506301,0.169006,4.861302,0.538639,0.870275
24.399854,17.830087,11.148138,1.524250,0.189981,4.749539,0.543259,0.880495
24.499854,17.833756,11.248068,1.544296,0.210925,4.640174,0.547059,0.874526
24.599853,17.835316,11.348054,1.566431,0.231749,4.533128,0.548952,0.864732
24.699853,17.834559,11.448048,1.590655,0.252807,4.428403,0.548811,0.857622
24.799852,17.831274,11.547991,1.617003,0.274186,4.325981,0.546508,0.853518
24.899851,17.825251,11.647805,1.645499,0.295769,4.225716,0.541913,0.852704
24.999851,17.816278,11.747397,1.676157,0.317377,4.127272,0.555356,0.855565
25.099850,17.804150,11.846654,1.708968,0.338866,4.030091,0.567449,0.862547
25.199850,17.788665,11.945443,1.743957,0.361065,3.933967,0.576548,0.874091
25.299849,17.769624,12.043607,1.781208,0.384076,3.838647,0.582611,0.900913
25.399848,17.746827,12.140967,1.820790,0.407639,3.743582,0.585592,0.944472
25.499848,17.720082,12.237316,1.862742,0.431385,3.647779,0.585440,0.995772
25.599847,17.689207,12.332421,1.907059,0.455006,3.549752,0.582947,1.056041
25.699847,17.654036,12.426022,1.953803,0.480215,3.451707,0.577450,1.114247
25.799846,17.614412,12.517826,2.003164,0.507272,3.354609,0.568560,1.168913
25.899845,17.570184,12.607501,2.055301,0.535638,3.260714,0.556129,1.235233
25.999845,17.521218,12.694678,2.110310,0.564556,3.172265,0.539945,1.315489
26.099844,17.467413,12.778952,2.168141,0.590186,3.099285,0.515029,1.397580
26.199844,17.408731,12.859906,2.228311,0.613910,3.035783,0.468625,1.372387
26.299843,17.345192,12.937103,2.291051,0.641466,2.966417,0.414320,1.358417
26.399843,17.276833,13.010066,2.356703,0.671983,2.894546,0.370094,1.356357
26.499842,17.203730,13.078272,2.425506,0.704234,2.823632,0.356064,1.367284
26.599841,17.126012,13.141165,2.497405,0.728998,2.772343,0.341606,1.348901
26.699841,17.043921,13.198233,2.571094,0.745848,2.738886,0.347075,1.304605
26.799840,16.957805,13.249020,2.646776,0.768725,2.695197,0.346964,1.275611
26.899840,16.868043,13.293039,2.725004,0.796522,2.644613,0.350310,1.261903
26.999839,16.775063,13.329773,2.806193,0.827652,2.590947,0.360270,1.238663
27.099838,16.679367,13.358696,2.890315,0.846470,2.559920,0.364186,1.206781
27.199838,16.581570,13.379432,2.975055,0.850006,2.554203,0.362218,1.192371
27.299837,16.482365,13.391782,3.060649,0.863437,2.532798,0.365130,1.195169
27.399837,16.382467,13.395523,3.148051,0.886045,2.497846,0.363881,1.161343
27.499836,16.282631,13.390403,3.238124,0.916587,2.452647,0.356622,1.136852
27.599835,16.183685,13.376169,3.330992,0.921685,2.445315,0.343020,1.131070
27.699835,16.086459,13.352921,3.420851,0.876093,2.513069,0.349184,1.125467
27.799834,15.991638,13.321249,3.506387,0.835738,2.577490,0.353485,1.099928
27.899834,15.899792,13.281766,3.588257,0.803072,2.633068,0.351903,1.091124
27.999833,15.811412,13.235034,3.667313,0.779675,2.674955,0.347525,1.097484
28.099832,15.726942,13.181554,3.744373,0.757099,2.717157,0.349594,1.098244
28.199832,15.646752,13.121846,3.818243,0.720226,2.790213,0.346070,1.091954
28.299831,15.571065,13.056521,3.888440,0.683989,2.867571,0.341658,1.098556
28.399831,15.500020,12.986173,3.955124,0.650240,2.945245,0.373923,1.117014
28.499830,15.433697,12.911353,4.018615,0.620299,3.019297,0.400239,1.142651
28.599829,15.372142,12.832562,4.079312,0.593250,3.090873,0.421307,1.065274
28.699829,15.315365,12.750261,4.137188,0.564267,3.172958,0.445351,1.002443
28.799828,15.263319,12.664887,4.192182,0.535786,3.252421,0.467615,0.951824
28.899828,15.215920,12.576847,4.244391,0.508672,3.330238,0.485625,0.911571
28.999827,15.173060,12.486509,4.293983,0.483557,3.406867,0.499722,0.862541
29.099826,15.134618,12.394204,4.341141,0.458351,3.482408,0.510151,0.803299
29.199826,15.100442,12.300234,4.385504,0.428854,3.557553,0.525282,0.753222
29.299825,15.070325,12.204885,4.426909,0.399299,3.634135,0.539661,0.710983
29.399825,15.044039,12.108408,4.465380,0.370226,3.712309,0.550995,0.676772
29.499824,15.021343,12.011024,4.500983,0.342005,3.792006,0.559485,0.657167
29.599823,15.001991,11.912919,4.533862,0.317489,3.873032,0.565300,0.642176
29.699823,14.985766,11.814248,4.564647,0.298176,3.954504,0.568558,0.631251
29.799822,14.972491,11.715137,4.593496,0.278813,4.035184,0.579438,0.624005
29.899822,14.961983,11.615695,4.620413,0.259575,4.115150,0.588165,0.614668
29.999821,14.954060,11.516012,4.645419,0.240587,4.194573,0.594757,0.606223
30.099820,14.948537,11.416167,4.668520,0.220642,4.273540,0.599343,0.600627
30.199820,14.945217,11.316225,4.689466,0.198280,4.352325,0.602063,0.597584
30.299819,14.943879,11.216236,4.708174,0.175869,4.431355,0.604089,0.595622
30.399819,14.944300,11.116238,-1.558544,0.153499,4.510504,0.607175,0.591677
30.499818,14.946255,11.016259,-1.544309,0.131219,4.589602,0.608904,0.589446
30.599817,14.949522,10.916313,-1.532292,0.109322,4.668447,0.609441,0.588649
30.699817,14.953882,10.816409,-1.522428,0.087944,4.746786,0.608958,0.589019
30.799816,14.959121,10.716548,-1.514704,0.066534,4.824354,0.607631,0.599188
30.899816,14.965023,10.616723,-1.509122,0.045117,4.900924,0.606110,0.618688
30.999815,14.971376,10.516925,-1.505681,0.023701,4.976239,0.604152,0.638432
31.099814,14.977966,10.417143,-1.504379,0.002413,5.050018,0.601934,0.658170
31.199814,14.984580,10.317363,-1.505190,-0.018638,5.121780,0.599663,0.677662
31.299813,14.991008,10.217570,-1.508107,-0.039689,5.190907,0.597553,0.687455
31.399813,14.997039,10.117753,-1.513128,-0.060732,5.257016,0.595757,0.689159
31.499812,15.002465,10.017901,-1.520252,-0.081751,5.258462,0.594570,0.690259
31.599811,15.007074,9.918008,-1.529496,-0.103883,5.135634,0.594232,0.690578
31.699811,15.010643,9.818073,-1.541102,-0.128252,5.014883,0.595003,0.689934
31.799810,15.012930,9.718101,-1.555150,-0.152717,4.896795,0.596874,0.687087
31.899810,15.013690,9.618105,4.711537,-0.177256,4.781862,0.599586,0.677908
31.999809,15.012678,9.518112,4.692584,-0.201804,4.670485,0.604313,0.667317
32.099808,15.009649,9.418161,4.671250,-0.222206,4.561062,0.611392,0.655128
32.199808,15.004405,9.318301,4.648390,-0.235037,4.449871,0.621083,0.641106
32.299807,14.996816,9.218592,4.624238,-0.248012,4.336312,0.630584,0.625108
32.399807,14.986757,9.119103,4.598785,-0.261059,4.219646,0.642340,0.611004
32.499806,14.974104,9.019910,4.572027,-0.274086,4.098975,0.657322,0.600587
32.599806,14.958736,8.921102,4.543825,-0.295537,3.976758,0.675809,0.587912
32.699805,14.940443,8.822794,4.512368,-0.333761,3.859357,0.697631,0.572973
32.799804,14.918879,8.725152,4.477043,-0.372878,3.747223,0.722958,0.555560
32.899804,14.893690,8.628383,4.437775,-0.412518,3.640624,0.754128,0.535374
32.999803,14.864532,8.532737,4.394544,-0.452027,3.539430,0.792257,0.517421
33.099803,14.831085,8.438507,4.347522,-0.483762,3.438521,0.838426,0.498684
33.199802,14.793127,8.346002,4.298160,-0.503934,3.366171,0.878520,0.476043
33.299801,14.750556,8.255528,4.246649,-0.526683,3.289546,0.927881,0.449084
33.399801,14.703281,8.167422,4.192752,-0.551574,3.211123,0.988033,0.417318
33.499800,14.651219,8.082059,4.136283,-0.577995,3.133401,1.060976,0.404012
33.599800,14.594315,7.999846,4.077245,-0.598130,3.077608,1.118333,0.406403
33.699799,14.532605,7.921176,4.017077,-0.605610,3.057583,1.179153,0.404258
33.799798,14.466246,7.846387,3.956050,-0.615257,3.032287,1.254024,0.397522
33.899798,14.395414,7.775821,3.893965,-0.626713,3.002996,1.345218,0.386394
33.999797,14.320300,7.709832,3.830663,-0.639508,2.971200,1.434698,0.375068
34.099797,14.241123,7.648779,3.765981,-0.656856,2.929556,1.385751,0.358642
34.199796,14.158103,7.593064,3.698827,-0.687385,2.860069,1.349903,0.346577
34.299795,14.071452,7.543189,3.628281,-0.724547,2.781372,1.327270,0.358225
34.399795,13.981418,7.499723,3.553738,-0.767068,2.698297,1.318659,0.398687
34.499794,13.888319,7.463288,3.474753,-0.812966,2.615889,1.288040,0.430075
34.599794,13.792573,7.434532,3.391403,-0.839859,2.570705,1.210873,0.453516
34.699793,13.694759,7.413871,3.308468,-0.819764,2.604262,1.154338,0.470174
34.799792,13.595580,7.401293,3.227245,-0.805744,2.628399,1.116191,0.479209
34.899792,13.495710,7.396744,3.147095,-0.798402,2.641285,1.106772,0.483229
34.999791,13.395795,7.400181,3.067332,-0.798008,2.641982,1.113674,0.482334
35.099791,13.296472,7.411577,2.987317,-0.799418,2.639491,1.135910,0.476496
35.199790,13.198374,7.430854,2.907975,-0.788193,2.659495,1.168132,0.465464
35.299789,13.102099,7.457800,2.829513,-0.781883,2.670923,1.215059,0.448869
35.399789,13.008224,7.492188,2.751419,-0.780899,2.672719,1.279651,0.427220
35.499788,12.917320,7.533798,2.673150,-0.785381,2.664571,1.358793,0.399302
35.599788,12.829963,7.582416,2.594236,-0.786978,2.661685,1.356350,0.363802
35.699787,12.746674,7.637716,2.517276,-0.752378,2.726217,1.369964,0.343142
35.799786,12.667777,7.699123,2.443693,-0.719766,2.791160,1.398748,0.373932
35.899786,12.593501,7.766048,2.373200,-0.690796,2.852587,1.442175,0.395163
35.999785,12.524024,7.837945,2.305373,-0.666624,2.906815,1.437662,0.410976
36.099785,12.459492,7.914314,2.239691,-0.647656,2.951435,1.328808,0.438012
36.199784,12.400039,7.994700,2.175840,-0.629589,2.995764,1.240089,0.461004
36.299783,12.345761,8.078668,2.113714,-0.613272,3.037442,1.168125,0.479002
36.399783,12.296733,8.165807,2.053106,-0.599329,3.074373,1.110382,0.492396
36.499782,12.253014,8.255728,1.993753,-0.588239,3.104665,1.045118,0.510766
36.599782,12.214659,8.348065,1.935384,-0.574488,3.143414,0.987604,0.539638
36.699781,12.181611,8.442433,1.880923,-0.514376,3.223795,0.942128,0.564185
36.799780,12.153458,8.538377,1.832543,-0.453220,3.311672,0.906977,0.585420
36.899780,12.129680,8.635501,1.790255,-0.392742,3.406007,0.874077,0.603798
36.999779,12.109734,8.733486,1.753941,-0.333849,3.505530,0.845270,0.623496
37.099779,12.093072,8.832084,1.723398,-0.282118,3.608982,0.822093,0.651166
37.199778,12.079262,8.931122,1.695331,-0.279192,3.714373,0.803067,0.676526
37.299777,12.068223,9.030507,1.667563,-0.276175,3.813771,0.787630,0.699282
37.399777,12.059932,9.130159,1.640099,-0.273097,3.907757,0.764663,0.719549
37.499776,12.054365,9.230001,1.612944,-0.269990,3.996834,0.744699,0.773659
37.599776,12.051495,9.329956,1.586114,-0.264349,4.081072,0.728164,0.833983
37.699775,12.051238,9.429952,1.561092,-0.236082,4.161458,0.714995,0.891102
37.799774,12.053342,9.529928,1.538897,-0.207843,4.243098,0.704842,0.946259
37.899774,12.057523,9.629838,1.519518,-0.179772,4.325690,0.699049,1.078626
37.999773,12.063499,9.729658,1.502935,-0.151931,4.408888,0.695929,1.212390
38.099773,12.070992,9.829375,1.489121,-0.124948,4.492325,0.694529,1.343817
38.199772,12.079737,9.928991,1.477691,-0.103642,4.575555,0.694509,1.423889
38.299772,12.089515,10.028511,1.468396,-0.082253,4.657744,0.695593,1.463742
38.399771,12.100110,10.127947,1.461242,-0.060825,4.738755,0.697526,1.503999
38.499770,12.111311,10.227317,1.456231,-0.039383,4.818408,0.680000,1.544923
38.599770,12.122902,10.326643,1.453365,-0.018034,4.896487,0.649927,1.586794
38.699769,12.134674,10.425947,1.452586,0.002464,4.972740,0.620470,1.629871
38.799769,12.146421,10.525254,1.453857,0.022961,5.046637,0.591358,1.674441
38.899768,12.157940,10.624587,1.457178,0.043455,5.117728,0.562337,1.678548
38.999767,12.169028,10.723970,1.462548,0.063942,5.185669,0.530260,1.673767
39.099767,12.179480,10.823421,1.469967,0.084707,5.222575,0.480652,1.669558
39.199766,12.189085,10.922958,1.479610,0.108152,5.099576,0.430341,1.666200
39.299766,12.197613,11.022593,1.491599,0.131645,4.978408,0.378949,1.664029
39.399765,12.204829,11.122331,1.505940,0.155163,4.859500,0.471535,1.663418
39.499764,12.210497,11.222168,1.522631,0.178651,4.743158,0.560204,1.664772
39.599764,12.214380,11.322090,1.541666,0.202061,4.629568,0.576618,1.659645
39.699763,12.216243,11.422071,1.563066,0.226004,4.519087,0.587217,1.652285
39.799763,12.215846,11.522067,1.586876,0.250254,4.411954,0.595654,1.647870
39.899762,12.212946,11.622022,1.613124,0.274724,4.308328,0.601806,1.646917
39.999761,12.207302,11.721858,1.641823,0.299250,4.208243,0.600823,1.657586
40.099761,12.198674,11.821481,1.672966,0.323258,4.111324,0.575281,1.680693
40.199760,12.186834,11.920773,1.706347,0.344507,4.015617,0.546957,1.709701
40.299760,12.171580,12.019597,1.741894,0.366564,3.920971,0.515511,1.740366
40.399759,12.152715,12.117795,1.779679,0.389219,3.827004,0.480565,1.775232
40.499758,12.130043,12.215183,1.819748,0.412169,3.732976,0.441642,1.818317
40.599758,12.103378,12.311554,1.862105,0.434165,3.637098,0.398141,1.870832
40.699757,12.072565,12.406680,1.906236,0.448771,3.575252,0.371000,1.933373
40.799757,12.037514,12.500327,1.951918,0.465149,3.509360,0.344829,1.901830
40.899756,11.998146,12.592241,1.999317,0.483051,3.441153,0.346426,1.878961
40.999755,11.954385,12.682147,2.048569,0.502151,3.372392,0.375096,1.865155
41.099755,11.906167,12.769741,2.099759,0.518993,3.314892,0.398614,1.860958
41.199754,11.853506,12.854739,2.150941,0.504805,3.363142,0.411954,1.866794
41.299754,11.796623,12.936971,2.200759,0.491789,3.409206,0.419070,1.777901
41.399753,11.735764,13.016307,2.249347,0.480220,3.451688,0.422277,1.691900
41.499752,11.671166,13.092630,2.296859,0.470314,3.489287,0.421658,1.618767
41.599752,11.603049,13.165831,2.343467,0.461312,3.524484,0.430175,1.556922
41.699751,11.531640,13.235823,2.388662,0.442594,3.593925,0.440176,1.486243
41.799751,11.457203,13.302587,2.431993,0.424087,3.662206,0.446619,1.419320
41.899750,11.380001,13.366136,2.473498,0.406148,3.729767,0.449646,1.362235
41.999749,11.300282,13.426497,2.513250,0.389056,3.796831,0.451506,1.313734
42.099749,11.218274,13.483711,2.551344,0.372999,3.863467,0.468570,1.257887
42.199748,11.134190,13.537828,2.587853,0.357178,3.929639,0.482476,1.200396
42.299748,11.048226,13.588908,2.622781,0.341414,3.995566,0.493405,1.150176
42.399747,10.960568,13.637023,2.656145,0.325910,4.061265,0.501507,1.106405
42.499746,10.871388,13.682257,2.687977,0.310825,4.126840,0.510371,1.057443
42.599746,10.780846,13.724697,2.718328,0.296583,4.192328,0.541464,0.985339
42.699745,10.689082,13.764428,2.747476,0.286369,4.257620,0.569670,0.919887
42.799745,10.596218,13.801516,2.775604,0.276229,4.321678,0.595171,0.860291
42.899744,10.502364,13.836024,2.802726,0.266243,4.384712,0.618148,0.805961
42.999743,10.407625,13.868022,2.828860,0.256479,4.446875,0.638921,0.751355
43.099743,10.312097,13.897580,2.854030,0.246776,4.508274,0.661639,0.701037
43.199742,10.215869,13.924775,2.878098,0.234573,4.569038,0.682206,0.654905
43.299742,10.119029,13.949705,2.900945,0.222386,4.629959,0.700782,0.612581
43.399741,10.021658,13.972476,2.922577,0.210281,4.691048,0.717494,0.577950
43.499740,9.923831,13.993195,2.943006,0.198309,4.752289,0.732456,0.550544
43.599740,9.825611,14.011969,2.962245,0.186562,4.813641,0.751604,0.525735
43.699739,9.727058,14.028907,2.980351,0.175563,4.875040,0.774880,0.503295
43.799739,9.628222,14.044112,2.997357,0.164551,4.936317,0.796656,0.483023
43.899738,9.529150,14.057689,3.013262,0.153560,4.997468,0.817045,0.460284
43.999738,9.429880,14.069743,3.028070,0.142616,5.058471,0.836157,0.438649
44.099737,9.330449,14.080380,3.041787,0.131746,5.119291,0.854093,0.418740
44.199736,9.230886,14.089706,3.054425,0.121009,5.179884,0.868389,0.400395
44.299736,9.131218,14.097827,3.065988,0.110259,5.240191,0.881371,0.384453
44.399735,9.031465,14.104848,3.076477,0.099514,5.300171,0.893451,0.373189
44.499735,8.931648,14.110876,3.085892,0.088783,5.359772,0.904717,0.363020
44.599734,8.831781,14.116018,3.094235,0.078268,5.418936,0.915258,0.353821
44.699733,8.731877,14.120375,3.101655,0.070124,5.477583,0.921880,0.345469
44.799733,8.631945,14.124030,3.108260,0.061974,5.535456,0.919747,0.341505
44.899732,8.531992,14.127067,3.114049,0.053821,5.592543,0.917011,0.341552
44.999732,8.432024,14.129566,3.119024,0.045670,5.648828,0.913738,0.342146
45.099731,8.332045,14.131608,3.123185,0.038075,5.704290,0.909999,0.343202
45.199730,8.232059,14.133259,3.126951,0.037234,5.745138,0.905868,0.344652
45.299730,8.132068,14.134539,3.130632,0.036393,5.623910,0.907636,0.344182
45.399729,8.032073,14.135454,3.134229,0.035553,5.499766,0.909620,0.343030
45.499729,7.932075,14.136014,3.137743,0.034714,5.372528,0.911261,0.342237
45.599728,7.832076,14.136227,3.141175,0.034714,5.241992,0.912567,0.341796
45.699727,7.732077,14.136078,3.145158,0.044941,5.108860,0.913517,0.341721
45.799727,7.632079,14.135480,3.150164,0.055166,4.972966,0.912810,0.341758
45.899726,7.532087,14.134330,3.156191,0.065383,4.834073,0.911076,0.342257
45.999726,7.432104,14.132526,3.163239,0.075583,4.691862,0.908747,0.343428
46.099725,7.332137,14.129967,3.171315,0.088064,4.546244,0.905739,0.345380
46.199724,7.232199,14.126487,3.182153,0.128709,4.401520,0.901982,0.348308
46.299724,7.132314,14.121722,3.197061,0.169458,4.258744,0.899104,0.355215
46.399723,7.032525,14.115264,3.216047,0.210256,4.118600,0.898760,0.364459
46.499723,6.932894,14.106710,3.239107,0.250911,3.981372,0.896765,0.376156
46.599722,6.833511,14.095660,3.266213,0.291405,3.846982,0.892958,0.390863
46.699721,6.734492,14.081713,3.297588,0.336281,3.716777,0.887223,0.406119
46.799721,6.636000,14.064444,3.333507,0.382265,3.590936,0.879475,0.411909
46.899720,6.538242,14.043423,3.374065,0.428978,3.469249,0.869642,0.422306
46.999720,6.441477,14.018230,3.419301,0.475643,3.350812,0.856710,0.438119
47.099719,6.346021,13.988466,3.469151,0.521137,3.233614,0.841165,0.460288
47.199718,6.252246,13.953767,3.523643,0.569474,3.116939,0.823333,0.497645
47.299718,6.160603,13.913785,3.583190,0.622093,3.000266,0.803189,0.551214
47.399717,6.071626,13.868181,3.648161,0.677652,2.881721,0.780652,0.617843
47.499717,5.985945,13.816660,3.718743,0.733861,2.762571,0.755494,0.701310
47.599716,5.904273,13.758998,3.794841,0.787024,2.661601,0.727194,0.803915
47.699715,5.827389,13.695095,3.876162,0.841757,2.567595,0.694814,0.824547
47.799715,5.756160,13.624949,3.963635,0.909615,2.462768,0.665626,0.861196
47.899714,5.691608,13.548623,4.058400,0.986774,2.356639,0.636668,0.918027
47.999714,5.634896,13.466313,4.161083,1.066604,2.258860,0.603053,1.001497
48.099713,5.587266,13.378443,4.271454,1.132986,2.185317,0.562155,1.085532
48.199712,5.549786,13.285785,4.384618,1.136556,2.181540,0.504862,1.033729
48.299712,5.523086,13.189470,4.499998,1.176868,2.140045,0.406343,1.008108
48.399711,5.507909,13.090686,4.621118,1.250651,2.069184,0.345847,1.008366
48.499711,5.505197,12.990791,-1.532129,1.351815,1.981285,0.341506,1.038060
48.599710,5.515983,12.891457,-1.391271,1.450790,1.903999,0.380669,1.000459
48.699709,5.540712,12.794644,-1.252105,1.333345,1.996612,0.421702,0.942482
48.799709,5.578110,12.701970,-1.124088,1.230715,2.087724,0.452786,0.918751
48.899708,5.626626,12.614594,-1.005028,1.155680,2.161593,0.489679,0.922051
48.999708,5.684922,12.533404,-0.891827,1.114156,2.205530,0.534435,0.940688
49.099707,5.751907,12.459219,-0.780980,1.103689,2.216982,0.567554,0.790574
49.199706,5.826587,12.392787,-0.674314,1.027579,2.305279,0.593334,0.682416
49.299706,5.907691,12.334357,-0.575685,0.944778,2.412836,0.615001,0.605090
49.399705,5.993953,12.283837,-0.485257,0.864854,2.523240,0.633291,0.550019
49.499705,6.084265,12.240962,-0.402410,0.793913,2.629181,0.648369,0.495743
49.599704,6.177701,12.205392,-0.326059,0.735098,2.731974,0.660168,0.448309
49.699703,6.273497,12.176779,-0.255422,0.676879,2.831230,0.670538,0.413342
49.799703,6.371013,12.154707,-0.190774,0.615932,2.929209,0.688555,0.388575
49.899702,6.469706,12.138680,-0.132221,0.555391,3.028301,0.703637,0.369817
49.999702,6.569139,12.128157,-0.079614,0.497263,3.129342,0.715931,0.354481
50.099701,6.668975,12.122593,-0.032647,0.443976,3.232314,0.725524,0.345342
50.199701,6.768961,12.121488,0.009936,0.407507,3.336527,0.732405,0.341483
50.299700,6.868910,12.124456,0.048829,0.370287,3.438901,0.736605,0.342286
50.399699,6.968682,12.131123,0.083993,0.333033,3.540379,0.738212,0.355048
50.499699,7.068178,12.141109,0.115450,0.296211,3.641492,0.730440,0.372747
50.599698,7.167335,12.154038,0.143257,0.259845,3.742478,0.719691,0.393699
50.699698,7.266123,12.169535,0.167308,0.221109,3.843421,0.706340,0.417444
50.799697,7.364546,12.187212,0.187470,0.182110,3.944680,0.690541,0.437948
50.899696,7.462631,12.206679,0.203729,0.143086,4.045814,0.672511,0.442545
50.999696,7.560429,12.227548,0.216089,0.104144,4.146167,0.653250,0.448586
51.099695,7.658003,12.249434,0.224564,0.066115,4.245268,0.634009,0.455616
51.199695,7.755429,12.271977,0.229717,0.036935,4.342506,0.613633,0.463241
51.299694,7.852770,12.294879,0.231950,0.007716,4.437036,0.592483,0.476780
51.399693,7.950094,12.317857,0.231260,-0.021513,4.528399,0.570879,0.501974
51.499693,8.047467,12.340625,0.227648,-0.050724,4.615665,0.548965,0.526560
51.599692,8.144953,12.362899,0.221113,-0.080761,4.698234,0.527000,0.550211
51.699692,8.242620,12.384372,0.211067,-0.120181,4.563449,0.505581,0.572524
51.799691,8.340537,12.404670,0.197073,-0.159706,4.426419,0.485143,0.592450
51.899690,8.438765,12.423401,0.179123,-0.199314,4.293167,0.466189,0.608594
51.999690,8.537346,12.440170,0.157213,-0.238860,4.164466,0.446442,0.622475
52.099689,8.636299,12.454581,0.131365,-0.277536,4.040560,0.428395,0.633871
52.199689,8.735612,12.466247,0.101950,-0.310886,3.919404,0.413352,0.642640
52.299688,8.835239,12.474821,0.069163,-0.344969,3.800862,0.401752,0.648680
52.399687,8.935102,12.479952,0.032941,-0.379527,3.684483,0.395753,0.653348
52.499687,9.035086,12.481291,-0.006743,-0.414103,3.569316,0.399538,0.656570
52.599686,9.135038,12.478489,-0.049860,-0.448576,3.453960,0.408254,0.656721
52.699686,9.234763,12.471200,-0.096767,-0.490067,3.340248,0.422549,0.653754
52.799685,9.334009,12.459032,-0.147966,-0.534316,3.227908,0.443285,0.647613
52.899684,9.432461,12.441579,-0.203695,-0.580499,3.115867,0.469754,0.638225
52.999684,9.529732,12.418444,-0.264085,-0.627236,3.001676,0.504187,0.625474
53.099683,9.625360,12.389260,-0.329092,-0.672171,2.894117,0.549090,0.614665
53.199683,9.718811,12.353720,-0.398466,-0.716648,2.797596,0.606685,0.600740
53.299682,9.809472,12.311576,-0.472670,-0.768511,2.695597,0.660819,0.582900
53.399681,9.896625,12.262594,-0.552343,-0.825560,2.594462,0.707987,0.560846
53.499681,9.979436,12.206594,-0.637840,-0.884273,2.500539,0.773010,0.533986
53.599680,10.056977,12.143503,-0.729077,-0.937669,2.422710,0.861105,0.501182
53.699680,10.128286,12.073445,-0.824725,-0.979061,2.366697,0.930500,0.467665
53.799679,10.192387,11.996745,-0.925608,-1.041826,2.288040,0.955792,0.456034
53.899678,10.248149,11.913791,-1.033664,-1.121562,2.197521,1.004752,0.438989
53.999678,10.294264,11.825123,-1.150232,-1.210389,2.107078,1.084676,0.415907
54.099677,10.329336,11.731545,-1.275573,-1.284709,2.038479,1.207549,0.385206
54.199677,10.352290,11.634278,-1.401898,-1.248001,2.071624,1.132998,0.342115
54.299676,10.362927,11.534908,-1.526448,-1.249215,2.070505,1.086768,0.345948
54.399675,10.361068,11.434988,4.630202,-1.287385,2.036117,1.071110,0.342660
54.499675,10.346369,11.336144,4.498113,-1.359541,1.974962,1.086476,0.404375
54.599674,10.318390,11.240222,4.357456,-1.441644,1.910820,1.018491,0.447989
54.699674,10.277193,11.149189,4.219446,-1.317515,2.009995,0.907594,0.477562
54.799673,10.224380,11.064346,4.093742,-1.199150,2.117982,0.839864,0.501348
54.899672,10.161777,10.986436,3.978859,-1.103047,2.217690,0.802133,0.520467
54.999672,10.090952,10.915901,3.872119,-1.037079,2.293745,0.724989,0.561901
55.099671,10.013184,10.853097,3.770310,-1.001430,2.337842,0.626034,0.599280
55.199671,9.929567,10.798325,3.673994,-0.922641,2.443948,0.553938,0.629712
55.299670,9.841254,10.751480,3.586067,-0.835269,2.552707,0.502366,0.656260
55.399669,9.749335,10.712164,3.506935,-0.747926,2.660003,0.462905,0.679889
55.499669,9.654729,10.679828,3.436296,-0.666050,2.768672,0.427212,0.700939
55.599668,9.558173,10.653866,3.373449,-0.592352,2.879117,0.401870,0.719484
55.699668,9.460249,10.633667,3.317784,-0.520228,2.990711,0.384805,0.733897
55.799667,9.361403,10.618584,3.269497,-0.445286,3.104118,0.374478,0.743186
55.899667,9.261981,10.607916,3.228737,-0.370009,3.220361,0.363687,0.750089
55.999666,9.162230,10.600933,3.195462,-0.295688,3.339344,0.353933,0.754740
56.099665,9.062314,10.596903,3.169554,-0.223358,3.460374,0.347674,0.757348
56.199665,8.962333,10.595120,3.150343,-0.160720,3.582371,0.343959,0.758204
56.299664,8.862334,10.594943,3.137430,-0.097482,3.703477,0.342001,0.757349
56.399664,8.762338,10.595741,3.130853,-0.034056,3.822858,0.345309,0.751629
56.499663,8.662346,10.596880,3.130618,0.029330,3.939255,0.349462,0.745282
56.599662,8.562350,10.597725,3.136710,0.091827,4.048406,0.353235,0.738946
56.699662,8.462351,10.597665,3.148564,0.145296,4.148425,0.356062,0.733344
56.799661,8.362364,10.596152,3.165780,0.199083,4.237064,0.357539,0.729184
56.899661,8.262428,10.592649,3.188394,0.253253,4.213691,0.357394,0.723115
56.999660,8.162614,10.586616,3.216436,0.307594,4.108412,0.354972,0.719291
57.099659,8.063034,10.577517,3.249885,0.357485,4.020952,0.349881,0.719164
57.199659,7.963834,10.564941,3.285424,0.353402,4.044793,0.341727,0.723419
57.299658,7.865139,10.548868,3.320586,0.349930,4.065388,0.355205,0.732476
57.399658,7.767068,10.529351,3.355431,0.347098,4.082418,0.382017,0.748896
57.499657,7.669733,10.506442,3.390027,0.344927,4.095613,0.405341,0.769858
57.599656,7.573246,10.480190,3.424440,0.343706,4.103084,0.425339,0.795458
57.699656,7.477720,10.450631,3.458960,0.346765,4.084432,0.442115,0.825891
57.799655,7.383276,10.417779,3.493808,0.350274,4.063335,0.475743,0.864515
57.899655,7.290041,10.381638,3.529028,0.354197,4.040119,0.524096,0.910332
57.999654,7.198144,10.342219,3.564659,0.358491,4.015141,0.567608,0.962255
58.099653,7.107720,10.299531,3.600734,0.362403,3.992766,0.606602,1.032350
58.199653,7.018895,10.253608,3.636678,0.356535,4.026465,0.641552,1.144265
58.299652,6.931763,10.204547,3.672054,0.351062,4.058642,0.672890,1.267661
58.399652,6.846407,10.152458,3.706905,0.346046,4.088798,0.700875,1.364461
58.499651,6.762905,10.097446,3.741280,0.341537,4.116460,0.725715,1.442410
58.599650,6.681330,10.039615,3.775231,0.337730,4.140243,0.707906,1.528190
58.699650,6.601756,9.979059,3.808956,0.336813,4.146035,0.686748,1.622512
58.799649,6.524267,9.915857,3.842605,0.336240,4.149663,0.662533,1.726235
58.899649,6.448947,9.850086,3.876215,0.336018,4.151067,0.635120,1.729256
58.999648,6.375879,9.781822,3.909820,0.336152,4.150222,0.604337,1.728521
59.099647,6.305147,9.711140,3.943456,0.336491,4.148070,0.569988,1.733105
59.199647,6.236829,9.638121,3.976999,0.334426,4.161211,0.517600,1.743024
59.299646,6.170992,9.562858,4.010353,0.332705,4.172252,0.341399,1.758281
59.399646,6.107695,9.485447,4.043552,0.331346,4.181034,0.342482,1.778918
59.499645,6.046998,9.405982,4.076634,0.330362,4.187429,0.392949,1.797838
59.599644,5.988958,9.324554,4.109637,0.329740,4.191481,0.470423,1.715515
59.699644,5.933634,9.241258,4.142573,0.329054,4.195970,0.540873,1.641002
59.799643,5.881081,9.156186,4.175461,0.328760,4.197891,0.594335,1.573742
59.899643,5.831353,9.069433,4.208338,0.328864,4.197214,0.639185,1.513247
59.999642,5.784505,8.981091,4.241246,0.329363,4.193945,0.679903,1.459105
60.099641,5.740591,8.891254,4.274223,0.329845,4.190795,0.716764,1.398003
60.199641,5.699649,8.800025,4.306705,0.319814,4.244880,0.750216,1.330390
60.299640,5.661645,8.707533,4.338192,0.309967,4.298557,0.780275,1.269776
60.399640,5.626526,8.613907,4.368707,0.300398,4.351918,0.806538,1.215463
60.499639,5.594235,8.519269,4.398283,0.291184,4.404999,0.830278,1.166664
60.599638,5.564713,8.423730,4.426958,0.282534,4.457797,0.851641,1.118102
60.699638,5.537909,8.327393,4.455013,0.278592,4.510224,0.870691,1.074431
60.799637,5.513798,8.230347,4.482680,0.274765,4.560694,0.887473,1.035251
60.899637,5.492364,8.132675,4.509971,0.271084,4.609362,0.902068,1.000802
60.999636,5.473584,8.034457,4.536902,0.267574,4.656355,0.915275,0.972233
61.099635,5.457439,7.935773,4.563492,0.264350,4.693831,0.927650,0.947410
61.199635,5.443913,7.836695,4.589918,0.264198,4.695205,0.937961,0.926156
61.299634,5.433009,7.737295,4.616338,0.264246,4.694777,0.946223,0.913015
61.399634,5.424735,7.637641,4.642773,0.264491,4.692549,0.952465,0.906093
61.499633,5.419100,7.537803,4.669243,0.264934,4.688542,0.956706,0.902461
61.599633,5.416112,7.437851,4.695766,0.265461,4.683788,0.958959,0.902115
61.699632,5.415772,7.337855,-1.561014,0.262668,4.709159,0.959302,0.900492
61.799631,5.418059,7.237885,-1.534881,0.260007,4.733710,0.957755,0.900599
61.899631,5.422944,7.138008,-1.509008,0.257495,4.757232,0.954242,0.903913
61.999630,5.430399,7.038289,-1.483377,0.255147,4.779528,0.948758,0.910405
62.099630,5.440396,6.938793,-1.457972,0.253092,4.799292,0.941294,0.923795
62.199629,5.452913,6.839583,-1.432576,0.254879,4.782092,0.931851,0.943809
62.299628,5.467955,6.740724,-1.406989,0.256896,4.762889,0.921036,0.967212
62.399628,5.485532,6.642284,-1.381190,0.259133,4.741853,0.911802,0.994125
62.499627,5.505653,6.544333,-1.355156,0.261578,4.719169,0.900546,1.020835
62.599627,5.528330,6.446941,-1.328868,0.263843,4.698431,0.887222,1.042776
62.699626,5.553550,6.350177,-1.302957,0.254380,4.742731,0.871679,1.068206
62.799625,5.581223,6.254086,-1.277992,0.244925,4.788105,0.853796,1.096948
62.899625,5.611241,6.158700,-1.253970,0.235544,4.834454,0.833338,1.132655
62.999624,5.643498,6.064049,-1.230880,0.226289,4.881670,0.809638,1.179076
63.099624,5.677888,5.970151,-1.208705,0.217978,4.827314,0.783520,1.228780
63.199623,5.714352,5.877039,-1.186103,0.234132,4.735577,0.755286,1.282471
63.299622,5.752986,5.784806,-1.161869,0.250600,4.646586,0.725075,1.335150
63.399622,5.793919,5.693571,-1.135975,0.267318,4.560506,0.692671,1.387453
63.499621,5.837276,5.603463,-1.108400,0.284187,4.477454,0.660732,1.445550
63.599621,5.883176,5.514624,-1.079138,0.300369,4.396928,0.628068,1.510237
63.699620,5.931689,5.427185,-1.049510,0.292222,4.446788,0.592233,1.576026
63.799619,5.982737,5.341200,-1.020687,0.284274,4.496315,0.552762,1.637186
63.899619,6.036209,5.256701,-0.992647,0.276583,4.545550,0.509530,1.703531
63.999618,6.091997,5.173714,-0.965361,0.269199,4.594497,0.469533,1.775133
64.099618,6.149999,5.092257,-0.938795,0.262393,4.643140,0.438720,1.852080
64.199617,6.210131,5.012361,-0.912362,0.266314,4.676111,0.404927,1.935111
64.299616,6.272370,4.934095,-0.885525,0.270473,4.639234,0.368076,1.956457
64.399616,6.336703,4.857540,-0.858261,0.274844,4.601378,0.341494,1.948927
64.499615,6.403115,4.782783,-0.830550,0.279397,4.562876,0.803165,1.945599
64.599615,6.471590,4.709910,-0.802377,0.283898,4.525727,1.017502,1.946579
64.699614,6.542091,4.638996,-0.774400,0.275656,4.573128,1.199670,1.951908
64.799613,6.614520,4.570052,-0.747242,0.267521,4.620653,1.358630,1.961422
64.899613,6.688768,4.503069,-0.720890,0.259550,4.668312,1.407397,1.974943
64.999612,6.764729,4.438037,-0.695325,0.251793,4.716088,1.446505,1.988712
65.099612,6.842304,4.374937,-0.670523,0.244397,4.763943,1.483525,1.877849
65.199611,6.921408,4.313766,-0.645901,0.248100,4.810464,1.518138,1.774705
65.299610,7.002006,4.254576,-0.620896,0.252035,4.809561,1.550016,1.678099
65.399610,7.084070,4.197437,-0.595487,0.256182,4.769662,1.579271,1.587731
65.499609,7.167570,4.142419,-0.569653,0.260520,4.728943,1.606012,1.503328
65.599609,7.252475,4.089594,-0.543378,0.264925,4.688622,1.630342,1.424650
65.699608,7.338729,4.039002,-0.517916,0.244290,4.733093,1.653198,1.353594
65.799607,7.426194,3.990531,-0.494521,0.223618,4.782634,1.675474,1.289462
65.899607,7.514720,3.944027,-0.473190,0.203035,4.836159,1.690554,1.230790
65.999606,7.604173,3.899331,-0.453908,0.182623,4.892825,1.684805,1.176825
66.099606,7.694428,3.856276,-0.436658,0.162456,4.951941,1.677446,1.126913
66.199605,7.785387,3.814730,-0.420161,0.167496,5.011955,1.668727,1.076369
66.299604,7.877030,3.774714,-0.403157,0.172584,5.068735,1.658870,1.027373
66.399604,7.969349,3.736285,-0.385643,0.177707,5.122285,1.647852,0.969462
66.499603,8.062337,3.699503,-0.367616,0.182847,5.172593,1.635649,0.900907
66.599603,8.155981,3.664427,-0.349074,0.187967,5.219635,1.622231,0.841724
66.699602,8.250262,3.631099,-0.330632,0.180890,5.264877,1.607371,0.802251
66.799601,8.345130,3.599481,-0.312895,0.173861,5.310428,1.591660,0.765497
66.899601,8.440533,3.569517,-0.295857,0.166900,5.356245,1.574462,0.731268
66.999600,8.536424,3.541150,-0.279512,0.160022,5.402284,1.555620,0.695734
67.099600,8.632756,3.514320,-0.263850,0.153244,5.448498,1.535133,0.658749
67.199599,8.729489,3.488976,-0.248702,0.149711,5.494836,1.513071,0.623930
67.299598,8.826591,3.465082,-0.233908,0.146186,5.540558,1.489492,0.591128
67.399598,8.924032,3.442610,-0.219465,0.142678,5.585703,1.467009,0.560249
67.499597,9.021784,3.421531,-0.205371,0.139193,5.630306,1.447054,0.537103
67.599597,9.119819,3.401814,-0.191625,0.135736,5.674395,1.425708,0.517467
67.699596,9.218113,3.383429,-0.178266,0.131457,5.717995,1.402954,0.499408
67.799596,9.316640,3.366337,-0.165334,0.127189,5.761305,1.378779,0.482857
67.899595,9.415377,3.350499,-0.152827,0.122941,5.804334,1.353187,0.467748
67.999594,9.514301,3.335877,-0.140745,0.118718,5.847087,1.337515,0.452059
68.099594,9.613392,3.322430,-0.129083,0.114524,5.889569,1.326735,0.436990
68.199593,9.712630,3.310119,-0.117829,0.110547,5.931779,1.314877,0.423194
68.299593,9.811998,3.298906,-0.106974,0.106574,5.973685,1.301959,0.410613
68.399592,9.911480,3.288753,-0.096515,0.102609,6.015292,1.287997,0.399193
68.499591,10.011062,3.279621,-0.086452,0.098656,6.056604,1.276749,0.392221
68.599591,10.110728,3.271471,-0.076783,0.094718,6.097623,1.278983,0.388440
68.699590,10.210467,3.264266,-0.067508,0.090794,6.138348,1.280394,0.385648
68.799590,10.310268,3.257967,-0.058624,0.086871,6.178777,1.281008,0.383799
68.899589,10.410119,3.252535,-0.050133,0.082953,6.218911,1.280851,0.382851
68.999588,10.510012,3.247932,-0.042034,0.079043,6.258747,1.279950,0.381368
69.099588,10.609939,3.244118,-0.034324,0.075142,6.298282,1.278893,0.378856
69.199587,10.709891,3.241055,-0.027017,0.071007,6.337511,1.277182,0.377121
69.299587,10.809862,3.238702,-0.020123,0.066872,6.376456,1.274813,0.376117
69.399586,10.909847,3.237017,-0.013643,0.062739,6.415109,1.271816,0.375799
69.499585,11.009841,3.235960,-0.007575,0.058608,6.453460,1.268221,0.377462
69.599585,11.109839,3.235488,-0.001921,0.054484,6.491500,1.262384,0.384999
69.699584,11.209839,3.235563,0.003368,0.051293,6.529219,1.255737,0.393089
69.799584,11.309836,3.236151,0.008338,0.048103,6.566531,1.248575,0.401699
69.899583,11.409830,3.237220,0.012988,0.044913,6.603439,1.240924,0.410796
69.999582,11.509818,3.238738,0.017320,0.041724,6.639942,1.232810,0.420346
70.099582,11.609798,3.240673,0.021333,0.038534,6.676039,1.229198,0.409460
70.199581,11.709771,3.242991,0.024932,0.033434,6.711731,1.225922,0.398672
70.299581,11.809735,3.245642,0.028020,0.028334,6.747117,1.222301,0.388252
70.399580,11.909691,3.248577,0.030598,0.023233,6.782169,1.218383,0.378144
70.499579,12.009640,3.251744,0.032667,0.018133,6.816860,1.214212,0.368294
70.599579,12.109584,3.255092,0.034225,0.013037,6.851160,1.212254,0.362813
70.699578,12.209522,3.258575,0.035397,0.010395,6.885043,1.210725,0.357911
70.799578,12.309458,3.262161,0.036304,0.007754,6.918445,1.209088,0.353118
70.899577,12.409390,3.265825,0.036947,0.005112,6.951368,1.207369,0.348408
70.999576,12.509320,3.269540,0.037326,0.002470,6.983813,1.205594,0.343950
71.099576,12.609250,3.273280,0.037441,-0.000170,7.015783,1.200672,0.343351
71.199575,12.709179,3.277020,0.037353,-0.001591,7.047276,1.193731,0.342753
71.299575,12.809109,3.280744,0.037123,-0.003012,7.078294,1.186795,0.342140
71.399574,12.909040,3.284438,0.036751,-0.004433,7.108846,1.179878,0.341497
71.499573,13.008973,3.288087,0.036236,-0.005854,7.138940,1.172994,0.344928
71.599573,13.108908,3.291679,0.035580,-0.007273,7.168582,1.162546,0.357805
71.699572,13.208845,3.295200,0.034857,-0.007186,7.197797,1.145487,0.370607
71.799572,13.308785,3.298649,0.034143,-0.007099,7.226596,1.128505,0.383336
71.899571,13.408728,3.302027,0.033437,-0.007012,7.254988,1.111601,0.395991
71.999570,13.508672,3.305335,0.032740,-0.006925,7.282982,1.094773,0.403171
72.099570,13.608619,3.308574,0.032052,-0.006839,7.310587,1.075589,0.404673
72.199569,13.708568,3.311743,0.031329,-0.007614,7.337801,1.049459,0.406105
72.299569,13.808520,3.314836,0.030529,-0.008388,7.364631,1.023395,0.407461
72.399568,13.908474,3.317846,0.029652,-0.009163,7.391084,0.997406,0.408732
72.499567,14.008431,3.320763,0.028697,-0.009937,7.417167,0.971502,0.409336
72.599567,14.108390,3.323582,0.027664,-0.010710,7.442886,0.954470,0.409098
72.699566,14.208353,3.326296,0.026647,-0.009643,7.468261,0.950914,0.408756
72.799566,14.308318,3.328914,0.025736,-0.008576,7.493317,0.947459,0.408318
72.899565,14.408285,3.331446,0.024931,-0.007509,7.518058,0.944094,0.407794
72.999564,14.508255,3.333903,0.024234,-0.006442,7.542488,0.940808,0.407323
73.099564,14.608225,3.336296,0.023643,-0.005378,7.566613,0.940731,0.407134
73.199563,14.708198,3.338632,0.023079,-0.005908,7.590430,0.943322,0.406889
73.299563,14.808171,3.340909,0.022461,-0.006438,7.613937,0.945975,0.406585
73.399562,14.908146,3.343122,0.021791,-0.006969,7.637137,0.948693,0.406217
73.499562,15.008122,3.345265,0.021068,-0.007499,7.660037,0.951484,0.404749
73.599561,15.108100,3.347334,0.020291,-0.008029,7.682640,0.953539,0.396084
73.699560,15.208080,3.349322,0.019477,-0.008262,7.704958,0.955289,0.387339
73.799560,15.308061,3.351228,0.018639,-0.008494,7.726993,0.957122,0.378512
73.899559,15.408044,3.353049,0.017778,-0.008727,7.748752,0.959042,0.369600
73.999559,15.508028,3.354782,0.016893,-0.008960,7.770240,0.961050,0.360694
74.099558,15.608014,3.356426,0.015986,-0.009192,7.791460,0.942355,0.358574
74.199557,15.708002,3.357979,0.015075,-0.009030,7.812422,0.918263,0.356364
74.299557,15.807990,3.359442,0.014180,-0.008868,7.833131,0.894275,0.354063
74.399556,15.907980,3.360816,0.013301,-0.008706,7.853592,0.870390,0.351674
74.499556,16.007971,3.362102,0.012439,-0.008544,7.873811,0.846606,0.349197
74.599555,16.107964,3.363304,0.011592,-0.008383,7.893789,0.842625,0.347779
74.699554,16.207957,3.364421,0.010752,-0.008421,7.913532,0.841437,0.346337
74.799554,16.307951,3.365454,0.009908,-0.008460,7.933040,0.840334,0.344811
74.899553,16.407946,3.366402,0.009060,-0.008498,7.952319,0.839316,0.343201
74.999553,16.507941,3.367266,0.008208,-0.008537,7.971371,0.838384,0.341506
75.099552,16.607938,3.368044,0.007353,-0.008575,7.990200,0.840747,0.352268
75.199551,16.707935,3.368737,0.006514,-0.008192,8.008838,0.843498,0.364013
75.299551,16.807932,3.369348,0.005714,-0.007809,8.027323,0.846331,0.375676
75.399550,16.907930,3.369881,0.004953,-0.007426,8.045655,0.849242,0.387261
75.499550,17.007929,3.370340,0.004229,-0.007043,8.063838,0.852226,0.398771
75.599549,17.107927,3.370728,0.003544,-0.006661,8.081873,0.852906,0.399624
75.699548,17.207926,3.371050,0.002884,-0.006534,8.099761,0.853443,0.399508
75.799548,17.307925,3.371306,0.002237,-0.006408,8.117501,0.854046,0.399327
75.899547,17.407925,3.371497,0.001603,-0.006282,8.135096,0.854712,0.399082
75.999547,17.507924,3.371626,0.000981,-0.006156,8.152547,0.855442,0.398775
76.099546,17.607923,3.371694,0.000371,-0.006029,8.169856,0.852263,0.395655
76.199545,17.707923,3.371702,-0.000194,-0.005290,8.187025,0.848744,0.392280
76.299545,17.807922,3.371658,-0.000687,-0.004552,8.204060,0.845280,0.388852
76.399544,17.907921,3.371567,-0.001105,-0.003813,8.220963,0.841864,0.385376
76.499544,18.007921,3.371439,-0.001449,-0.003075,8.237735,0.838489,0.381862
76.599543,18.107920,3.371280,-0.001720,-0.002336,8.235427,0.831691,0.374462
76.699542,18.207919,3.371097,-0.001942,-0.002117,8.150008,0.824525,0.366799
76.799542,18.307918,3.370892,-0.002143,-0.001898,8.063679,0.817381,0.359115
76.899541,18.407918,3.370669,-0.002322,-0.001679,7.976412,0.810258,0.351411
76.999541,18.507917,3.370429,-0.002479,-0.001460,7.888176,0.803153,0.343690
77.099540,18.607916,3.370174,-0.002614,-0.001241,7.798939,0.802955,0.343439
77.199539,18.707915,3.369907,-0.002724,-0.000955,7.708666,0.803676,0.343600
77.299539,18.807914,3.369630,-0.002805,-0.000670,7.617322,0.804406,0.343751
77.399538,18.907913,3.369347,-0.002858,-0.000384,7.524867,0.805143,0.343896
77.499538,19.007912,3.369059,-0.002882,-0.000099,7.431261,0.805883,0.344037
77.599537,19.107911,3.368771,-0.002878,0.000187,7.336460,0.806230,0.343772
77.699536,19.207910,3.368485,-0.002836,0.000641,7.240419,0.806517,0.343486
77.799536,19.307909,3.368205,-0.002749,0.001095,7.143089,0.806797,0.343206
77.899535,19.407908,3.367937,-0.002617,0.001549,7.044418,0.807065,0.342938
77.999535,19.507907,3.367684,-0.002440,0.002003,6.944348,0.807319,0.342685
78.099534,19.607906,3.367450,-0.002216,0.002458,6.842820,0.807552,0.342451
78.199533,19.707905,3.367242,-0.001929,0.003297,6.739772,0.807759,0.342243
78.299533,19.807905,3.367067,-0.001557,0.004137,6.635137,0.807934,0.342068
78.399532,19.907904,3.366934,-0.001101,0.004977,6.528839,0.808067,0.341934
78.499532,20.007903,3.366850,-0.000562,0.005816,6.420796,0.808150,0.341850
78.599531,20.107903,3.366824,0.000062,0.006661,6.310920,0.808094,0.341650
78.699530,20.207902,3.366873,0.001017,0.012447,6.199293,0.807948,0.341512
78.799530,20.307901,3.367047,0.002551,0.018234,6.085908,0.807681,0.341499
78.899529,20.407900,3.367403,0.004664,0.024020,5.970732,0.807235,0.341670
78.999529,20.507898,3.367999,0.007355,0.029805,5.853705,0.806556,0.342083
79.099528,20.607893,3.368893,0.010625,0.035600,5.734745,0.805664,0.350717
79.199528,20.707884,3.370162,0.015047,0.052840,5.615259,0.804439,0.360265
79.299527,20.807867,3.371960,0.021193,0.070087,5.495702,0.802729,0.370422
79.399526,20.907835,3.374458,0.029064,0.087335,5.376425,0.800387,0.381379
79.499526,21.007777,3.377829,0.038660,0.104571,5.257681,0.797273,0.393230
79.599525,21.107679,3.382245,0.049977,0.121769,5.139621,0.797021,0.403642
79.699525,21.207518,3.387883,0.063195,0.142614,5.023519,0.799304,0.415448
79.799524,21.307267,3.394945,0.078503,0.163560,4.909686,0.800292,0.428913
79.899523,21.406887,3.403637,0.095909,0.184581,4.798352,0.799853,0.444314
79.999523,21.506329,3.414166,0.115419,0.205617,4.689656,0.797864,0.457486
80.099522,21.605533,3.426737,0.137030,0.226566,4.583611,0.794210,0.464097
80.199522,21.704427,3.441548,0.160603,0.244950,4.478877,0.778739,0.473297
80.299521,21.802929,3.458778,0.186030,0.263639,4.375268,0.757537,0.485365
80.399520,21.900941,3.478597,0.213338,0.282543,4.272465,0.734294,0.500607
80.499520,21.998354,3.501178,0.242541,0.301526,4.169960,0.708814,0.535474
80.599519,22.095042,3.526685,0.273639,0.320407,4.066999,0.680871,0.578392
80.699519,22.190860,3.555285,0.306894,0.344869,3.965890,0.650261,0.626735
80.799518,22.285634,3.587172,0.342643,0.370250,3.866564,0.626990,0.681446
80.899517,22.379161,3.622546,0.380967,0.396324,3.768729,0.604609,0.730802
80.999517,22.471213,3.661597,0.421919,0.422738,3.671717,0.579113,0.782600
