s,x,y,yaw,curvature,v_ref,width_left,width_right
0.000000000,-6.866496000,-1.791961500,-0.063523788,0.259712723,2.174265600,0.608916000,2.811667500
0.150130500,-6.716520000,-1.798569000,-0.025131664,0.251737561,2.224970400,0.640606500,2.780475000
0.300261000,-6.566400000,-1.799505000,0.012152414,0.244950737,2.267560800,0.667225500,2.719108500
0.450391500,-6.416347500,-1.794921000,0.048246913,0.235889899,2.313120000,0.695700000,2.668471500
0.600522000,-6.266551500,-1.785027000,0.082195584,0.216363876,2.360364000,0.725227500,2.588050500
0.750652500,-6.117153000,-1.770273000,0.113013219,0.194182776,2.401243200,0.750777000,2.443900500
0.900783000,-5.968248000,-1.751170500,0.140707892,0.174757298,2.442374400,0.776484000,2.316052500
1.050913500,-5.819893500,-1.728168000,0.166314198,0.166365722,2.480251200,0.800157000,2.161177500
1.201044000,-5.672161500,-1.701468000,0.190880659,0.160900532,2.512807200,0.820504500,1.972519500
1.351174500,-5.525115000,-1.671207000,0.214551013,0.154432102,2.541837600,0.838648500,1.798159500
1.501305000,-5.378811000,-1.637545500,0.236832182,0.142390754,2.567376000,0.854610000,1.666648500
1.651435500,-5.233258500,-1.600764000,0.257215897,0.129156221,2.588592000,0.867870000,1.546603500
1.801566000,-5.088445500,-1.561167000,0.275650076,0.116420059,2.607343200,0.879589500,1.440550500
1.951696500,-4.944348000,-1.519045500,0.292285586,0.105192925,2.648268000,0.905167500,1.348540500
2.101825500,-4.800931500,-1.474653000,0.307263165,0.094335309,2.685960000,0.928725000,1.261846500
2.251956000,-4.658158500,-1.428234000,0.320608355,0.083445387,2.720772000,0.950482500,1.183161000
2.402086500,-4.515978000,-1.380030000,0.332235841,0.071452953,2.768767200,0.980479500,1.108860000
2.552217000,-4.374322500,-1.330303500,0.342022179,0.058918243,2.746295077,1.016314500,1.035486000
2.702347500,-4.233112500,-1.279326000,0.349986564,0.047181332,2.663033074,1.051216500,0.960429000
2.852478000,-4.092267000,-1.227349500,0.356390932,0.038136233,2.577082391,1.084309500,0.887698500
3.002608500,-3.951721500,-1.174567500,0.361495370,0.029863732,2.488164414,1.109587500,0.816858000
3.152739000,-3.811413000,-1.121155500,0.365278991,0.020540888,2.395948800,1.134414000,0.747468000
3.302869500,-3.671271000,-1.067311500,0.367252382,0.005748005,2.303042400,1.159102500,0.689401500
3.453000000,-3.531174000,-1.013346000,0.366884030,-0.010655159,2.224118400,1.179217500,0.640074000
3.603130500,-3.390993000,-0.959605500,0.364140572,-0.025892247,2.150217600,1.196821500,0.593886000
3.753261000,-3.250602000,-0.906409500,0.359599773,-0.034599433,2.099227200,1.215298500,0.562017000
3.903391500,-3.109938000,-0.853944000,0.353891902,-0.041439109,2.047094400,1.231413000,0.529434000
4.053522000,-2.968950000,-0.802354500,0.347189244,-0.047851865,2.026800000,1.237246500,0.516750000
4.203652500,-2.827594500,-0.751779000,0.339625149,-0.052915297,2.021913600,1.244269500,0.513696000
4.353783000,-2.685843000,-0.702328500,0.331341598,-0.057435888,2.019501600,1.252611000,0.512188500
4.503913500,-2.543670000,-0.654102000,0.322442502,-0.061115894,2.092521855,1.240818000,0.557838000
4.654044000,-2.401060500,-0.607182000,0.313285954,-0.060865339,2.162959200,1.229440500,0.601849500
4.804174500,-2.258028000,-0.561567000,0.304250394,-0.059504049,2.228546400,1.219569000,0.642841500
4.954305000,-2.114593500,-0.517231500,0.295409252,-0.058275835,2.288707200,1.202641500,0.680442000
5.104435500,-1.970778000,-0.474153000,0.286558342,-0.059633034,2.346585600,1.184481000,0.716616000
5.254566000,-1.826580000,-0.432363000,0.277440519,-0.061833057,2.366707200,1.167751500,0.729192000
5.404696500,-1.682002500,-0.391914000,0.268063828,-0.063080527,2.376868800,1.139005500,0.735543000
5.554827000,-1.537048500,-0.352836000,0.258908103,-0.058889469,2.383137600,1.103542500,0.739461000
5.704957500,-1.391752500,-0.315040500,0.250518276,-0.052878094,2.371960800,1.069840500,0.732475500
5.855088000,-1.246162500,-0.278400000,0.242956440,-0.047858407,2.358880800,1.031829000,0.724300500
6.005218500,-1.100313000,-0.242806500,0.235762803,-0.047973761,2.344248000,0.990223500,0.715155000
6.155347500,-0.954211500,-0.208264500,0.228395475,-0.050171616,2.328316800,0.949825500,0.705198000
6.305478000,-0.807852000,-0.174823500,0.220739936,-0.051814170,2.310650400,0.916804500,0.694156500
6.455608500,-0.661239000,-0.142522500,0.213025977,-0.050948586,2.304696000,0.891285000,0.690435000
6.605739000,-0.514381500,-0.111343500,0.205512766,-0.049141002,2.319124800,0.867064500,0.699453000
6.755869500,-0.367299000,-0.081249000,0.198272427,-0.047312881,2.331852000,0.841327500,0.707407500
6.906000000,-0.220006500,-0.052200000,0.191244740,-0.046308113,2.386200000,0.813297000,0.741375000
7.056130500,-0.072514500,-0.024175500,0.184349047,-0.045554719,2.448307873,0.786435000,0.805699500
7.206261000,0.075165000,0.002839500,0.177574229,-0.044697356,2.416596000,0.760372500,0.868693500
7.356391500,0.223023000,0.028863000,0.170934680,-0.043753299,2.375911200,0.734944500,0.934953000
7.506522000,0.371047500,0.053914500,0.164448941,-0.042647703,2.336966400,0.710604000,1.001803500
7.656652500,0.519231000,0.078018000,0.158121716,-0.041642219,2.309064000,0.693165000,1.067415000
7.806783000,0.667561500,0.101194500,0.151948569,-0.040594799,2.296324800,0.685203000,1.128633000
7.956913500,0.816030000,0.123466500,0.145921984,-0.039689857,2.285107200,0.678192000,1.188442500
8.107044000,0.964629000,0.144853500,0.140046740,-0.038578783,2.273131200,0.670707000,1.247455500
8.257174500,1.113349500,0.165379500,0.134317695,-0.037742085,2.258745600,0.661716000,1.313988000
8.407305000,1.262184000,0.185062500,0.128729025,-0.036708663,2.245771200,0.653607000,1.379457000
8.557435500,1.411125000,0.203925000,0.123300989,-0.035602430,2.238429600,0.649018500,1.443183000
8.707566000,1.560163500,0.221991000,0.118022240,-0.034719638,2.239452000,0.649657500,1.498516500
8.857696500,1.709295000,0.239280000,0.112882150,-0.033755562,2.241753600,0.651096000,1.552974000
9.007827000,1.858512000,0.255813000,0.107896058,-0.032667893,2.248564800,0.655353000,1.606560000
9.157957500,2.007808500,0.271614000,0.103058305,-0.031779502,2.261217600,0.663261000,1.654539000
9.308088000,2.157178500,0.286702500,0.098368273,-0.030699739,2.275036800,0.671898000,1.701769500
9.458218500,2.306617500,0.301102500,0.093826350,-0.029806761,2.289897600,0.681186000,1.748283000
9.608349000,2.456118000,0.314833500,0.089426950,-0.028800771,2.305771200,0.691107000,1.778286000
9.758479500,2.605677000,0.327918000,0.085184038,-0.027722214,2.322700800,0.701688000,1.802680500
9.908610000,2.755290000,0.340380000,0.081093448,-0.026771625,2.308725600,0.692953500,1.826491500
10.058740500,2.904951000,0.352240500,0.077144697,-0.025832505,2.284471200,0.677794500,1.844358000
10.208869500,3.054657000,0.363520500,0.073332337,-0.024954927,2.225090595,0.647352000,1.834114500
10.359000000,3.204403500,0.374239500,0.069626063,-0.024419123,2.121470400,0.575919000,1.823311500
10.509130500,3.354189000,0.384409500,0.065875306,-0.025547442,2.021340000,0.513337500,1.811977500
10.659261000,3.504013500,0.394005000,0.061865684,-0.027867781,2.021056800,0.513160500,1.793743500
10.809391500,3.653875500,0.402973500,0.057416943,-0.031397077,2.026156800,0.516348000,1.736301000
10.959522000,3.803778000,0.411235500,0.051693482,-0.044849438,2.052055200,0.532534500,1.678713000
11.109652500,3.953733000,0.418488000,0.043576539,-0.063282577,2.083461600,0.552163500,1.621749000
11.259783000,4.103749500,0.424315500,0.032703195,-0.081569193,2.132812800,0.583008000,1.564944000
11.409913500,4.253826000,0.428305500,0.019235219,-0.097848680,2.185999200,0.616249500,1.484715000
11.560044000,4.403943000,0.430090500,0.003392222,-0.113206835,2.253631182,0.666003000,1.400856000
11.710174500,4.554070500,0.429324000,-0.014833528,-0.129593049,2.319291811,0.725559000,1.315080000
11.860305000,4.704153000,0.425637000,-0.036134746,-0.154176537,2.383144037,0.790024500,1.227157500
12.010435500,4.854108000,0.418477500,-0.061478218,-0.183443184,2.445329528,0.889606500,1.135980000
12.160566000,5.003808000,0.407191500,-0.091137128,-0.211665413,2.505972367,1.008118500,1.041297000
12.310696500,5.153073000,0.391155000,-0.124443000,-0.232027340,2.565181963,1.140555000,0.941067000
12.460827000,5.301687000,0.369930000,-0.160506523,-0.248401014,2.503148165,1.235382000,0.856398000
12.610957500,5.449405500,0.343179000,-0.199040951,-0.264943144,2.411505596,1.319937000,0.780885000
12.761088000,5.595943500,0.310575000,-0.239885929,-0.279182915,2.316240000,1.417186500,0.697650000
12.911218500,5.740984500,0.271860000,-0.282834231,-0.292963743,2.223074400,1.529031000,0.639421500
13.061349000,5.884180500,0.226806000,-0.327691003,-0.304604369,2.126109600,1.512693000,0.578818500
13.211479500,6.025168500,0.175252500,-0.372227969,-0.288704596,2.019398400,1.487221500,0.512124000
13.361610000,6.163792500,0.117637500,-0.413267945,-0.258017337,2.092422256,1.471842000,0.580218000
13.511740500,6.300084000,0.054696000,-0.449694600,-0.227250023,2.162982177,1.464903000,0.644101500
13.661871000,6.434149500,-0.012858000,-0.481336414,-0.194273009,2.231311923,1.383169500,0.688588500
13.812001500,6.566190000,-0.084294000,-0.507913271,-0.159778993,2.297610476,1.270077000,0.736002000
13.962132000,6.696480000,-0.158877000,-0.529236366,-0.124281352,2.362048877,1.168317000,0.845941500
14.112261000,6.825358500,-0.235879500,-0.544642528,-0.080957117,2.424774814,1.075572000,0.953986500
14.262391500,6.953290500,-0.314442000,-0.553182067,-0.032804085,2.485919125,0.989934000,1.066117500
14.412522000,7.080835500,-0.393634500,-0.554540914,0.014701582,2.545595195,0.909328500,1.187235000
14.562652500,7.208554500,-0.472545000,-0.549401005,0.053770942,2.525000528,0.831493500,1.315645500
14.712783000,7.336906500,-0.550422000,-0.538766788,0.087895621,2.434180800,0.771363000,1.416082500
14.862913500,7.466274000,-0.626598000,-0.522979398,0.122419990,2.346962400,0.716851500,1.486413000
15.013044000,7.597018500,-0.700383000,-0.501714419,0.160867721,2.256878400,0.660549000,1.564482000
15.163174500,7.729504500,-0.770988000,-0.474464871,0.202143340,2.189340000,0.618337500,1.643989500
15.313305000,7.864071000,-0.837540000,-0.441020210,0.243398990,2.122272000,0.576420000,1.668991500
15.463435500,8.000976000,-0.899130000,-0.401536182,0.282597539,2.064638400,0.540399000,1.703442000
15.613566000,8.140366500,-0.954856500,-0.356170094,0.321757063,2.081440800,0.550900500,1.749762000
15.763696500,8.282283000,-1.003786500,-0.304907593,0.361150158,2.088316800,0.555198000,1.773624000
15.913827000,8.426638500,-1.044952500,-0.247490688,0.403744332,2.080802400,0.550501500,1.795792500
16.063957500,8.573217000,-1.077297000,-0.183406680,0.449966888,2.069116800,0.543198000,1.835586000
16.214088000,8.721639000,-1.099672500,-0.112357409,0.496534475,2.083183200,0.551989500,1.843536000
16.364218500,8.871309000,-1.110931500,-0.034994065,0.534073634,2.093116800,0.558198000,1.850332500
16.514349000,9.021396000,-1.110166500,0.047849559,0.569544970,2.064624000,0.540390000,1.854766500
16.664479500,9.170863500,-1.096587000,0.136174334,0.607088047,2.021616000,0.513510000,1.794967500
16.814610000,9.318468000,-1.069461000,0.227640644,0.611372751,2.022508800,0.514068000,1.756887000
16.964740500,9.462969000,-1.028919000,0.318275188,0.596037581,2.024942400,0.515589000,1.690390500
17.114871000,9.603270000,-0.975625500,0.406947580,0.585224916,2.019561600,0.512226000,1.652769000
17.265001500,9.738355500,-0.910225500,0.493352275,0.565828749,2.037369600,0.523356000,1.634238000
17.415132000,9.867408000,-0.833598000,0.576324693,0.539504653,2.040854400,0.525534000,1.640467500
17.565262500,9.989841000,-0.746778000,0.655584950,0.516378293,2.042335200,0.526459500,1.660005000
17.715393000,10.105185000,-0.650734500,0.731646952,0.496898421,2.040753600,0.525471000,1.700565000
17.865523500,10.213051500,-0.546360000,0.804933075,0.479397762,2.031016800,0.519385500,1.721133000
18.015654000,10.313134500,-0.434497500,0.875777667,0.464372719,2.041296000,0.525810000,1.744992000
18.165783000,10.405183500,-0.315933000,0.944399149,0.449785232,2.041377600,0.525861000,1.773193500
18.315913500,10.489023000,-0.191427000,1.010866392,0.435671548,2.059932000,0.537457500,1.786768500
18.466044000,10.564546500,-0.061705500,1.075359468,0.423489255,2.071305600,0.544566000,1.817785500
18.616174500,10.631676000,0.072553500,1.138297427,0.414953391,2.099277600,0.562048500,1.820280000
18.766305000,10.690317000,0.210732000,1.200173183,0.409335927,2.115532800,0.572208000,1.826743500
18.916435500,10.740361500,0.352252500,1.261317335,0.405211874,2.167315200,0.604572000,1.836937500
19.066566000,10.781709000,0.496552500,1.321888389,0.401697459,2.210865600,0.631791000,1.838451000
19.216696500,10.814284500,0.643083000,1.381982539,0.398862467,2.245171200,0.653232000,1.853562000
19.366827000,10.838032500,0.791301000,1.441764656,0.397537326,2.280924000,0.675577500,1.862812500
19.516957500,10.852897500,0.940672500,1.501465063,0.397776315,2.305576800,0.690985500,1.887754500
19.667088000,10.858821000,1.090663500,1.561328740,0.399708719,2.319537600,0.699711000,1.910580000
19.817218500,10.855738500,1.240740000,1.621584716,0.403003264,2.349842400,0.718651500,1.949847000
19.967349000,10.843587000,1.390356000,1.682425102,0.407495600,2.370813600,0.731758500,1.983082500
20.117479500,10.822311000,1.538947500,1.744072768,0.413754747,2.381193600,0.738246000,2.031271500
20.267610000,10.791852000,1.685931000,1.806751960,0.421240883,2.397290400,0.748306500,2.092287000
20.417740500,10.752165000,1.830694500,1.870419561,0.426920471,2.318444675,0.755368500,2.170327500
20.567871000,10.703287500,1.972618500,1.934892074,0.431965437,2.219187736,0.741546000,2.259654000
20.718001500,10.645315500,2.111076000,2.000208291,0.438156495,2.115278400,0.572049000,2.312007000
20.868132000,10.578367500,2.245423500,2.065601089,0.432985179,2.020783200,0.512989500,2.386252500
21.018262500,10.502833500,2.375139000,2.129480954,0.418001798,2.038087200,0.523804500,2.417643000
21.168393000,10.419312000,2.499864000,2.191200382,0.404207171,2.081822400,0.551139000,2.388171000
21.318523500,10.328379000,2.619295500,2.250742563,0.388999368,2.114978400,0.571861500,2.377128000
21.468654000,10.230630000,2.733216000,2.307851196,0.371783753,2.130403200,0.581502000,2.301523500
21.618784500,10.126675500,2.841508500,2.362456999,0.355662189,2.137936800,0.586210500,2.195442000
21.768915000,10.017088500,2.944099500,2.414712076,0.340466787,2.144256000,0.590160000,2.109184500
21.919045500,9.902403000,3.040957500,2.464756064,0.326203005,2.140771200,0.587982000,1.929409500
22.069176000,9.783111000,3.132087000,2.512713697,0.312679392,2.159426400,0.599641500,1.756350000
22.219305000,9.659674500,3.217518000,2.558693369,0.299846377,2.175813600,0.609883500,1.618180500
22.369435500,9.532516500,3.297309000,2.602798048,0.287705979,2.183402400,0.614626500,1.530693000
22.519566000,9.402031500,3.371535000,2.645097035,0.275789456,2.248435200,0.655272000,1.456207500
22.669696500,9.268585500,3.440296500,2.685679453,0.264837750,2.308572000,0.692857500,1.386444000
22.819827000,9.132510000,3.503700000,2.724612865,0.253825233,2.360157600,0.725098500,1.321887000
22.969957500,8.994118500,3.561873000,2.761942707,0.243471087,2.422933119,0.770695500,1.266967500
23.120088000,8.853691500,3.614950500,2.797725407,0.233219026,2.484122762,0.812431500,1.192441500
23.270218500,8.711493000,3.663079500,2.832013630,0.223558946,2.543840973,0.849402000,1.123702500
23.420349000,8.567758500,3.706410000,2.864845453,0.213817053,2.602189059,0.877317000,1.061200500
23.570479500,8.422705500,3.745105500,2.896246811,0.204505582,2.639292000,0.899557500,1.002327000
23.720610000,8.276535000,3.779329500,2.926256613,0.195275688,2.668857600,0.918036000,0.950478000
23.870740500,8.129422500,3.809254500,2.954897322,0.186269912,2.641996800,0.930868500,0.901248000
24.020871000,7.981530000,3.835054500,2.982193621,0.177363023,2.570980800,0.936256500,0.856863000
24.171001500,7.833001500,3.856908000,3.008168847,0.168672994,2.506149600,0.938343000,0.816343500
24.321132000,7.683969000,3.874993500,3.032837252,0.159951213,2.431737600,0.937231500,0.769836000
24.471262500,7.534543500,3.889495500,3.056210952,0.151428077,2.365108800,0.951801000,0.728193000
24.621393000,7.384827000,3.900597000,3.078305603,0.142910697,2.303956800,0.965308500,0.689973000
24.771523500,7.234906500,3.908484000,3.099133938,0.134558998,2.246834400,0.976104000,0.654271500
24.921654000,7.084857000,3.913341000,3.118704128,0.126150794,2.195714400,0.982722000,0.622321500
25.071784500,6.934743000,3.915355500,3.137016369,0.117800078,2.153760000,0.985842000,0.596100000
25.221915000,6.784615500,3.914715000,-3.129097676,0.109619021,2.119411200,0.986632500,0.574632000
25.372045500,6.634518000,3.911604000,-3.113272408,0.101201578,2.089538400,0.985872000,0.555961500
25.522176000,6.484486500,3.906213000,-3.098685355,0.093122587,2.066810400,0.984324000,0.541756500
25.672306500,6.334543500,3.898725000,-3.085325428,0.084855567,2.049062400,0.980847000,0.530664000
25.822437000,6.184708500,3.889327500,-3.073202077,0.076648753,2.034607200,0.978610500,0.521629500
25.972567500,6.034992000,3.878206500,-3.062311846,0.068428347,2.028367200,0.993273000,0.517729500
26.122698000,5.885397000,3.865548000,-3.052651475,0.060264916,2.026212000,1.006590000,0.516382500
26.272827000,5.735922000,3.851536500,-3.044217578,0.052089338,2.026300800,1.018602000,0.516438000
26.422957500,5.586561000,3.836356500,-3.037007272,0.043964426,2.025652800,1.023991500,0.516033000
26.573088000,5.437303500,3.820191000,-3.031028115,0.035688249,2.026070400,1.028475000,0.516294000
26.723218500,5.288134500,3.803226000,-3.026281999,0.027538345,2.027796000,1.032219000,0.517372500
26.873349000,5.139037500,3.785644500,-3.022756159,0.019431885,2.031499200,1.030852500,0.519687000
27.023479500,4.989991500,3.767628000,-3.020456668,0.011201431,2.036047200,1.028830500,0.522529500
27.173610000,4.840977000,3.749361000,-3.019344419,0.003615620,2.040984000,1.026538500,0.525615000
27.323740500,4.691971500,3.731013000,-3.019309101,-0.003145128,2.035106400,1.018416000,0.521941500
27.473871000,4.542958500,3.712735500,-3.020285646,-0.009864084,2.027587200,1.009981500,0.517242000
27.624001500,4.393917000,3.694678500,-3.022102421,-0.014338591,2.019734400,1.001722500,0.512334000
27.774132000,4.244838000,3.676942500,-3.024345572,-0.015544069,2.028660000,1.010820000,0.517912500
27.924262500,4.095718500,3.659554500,-3.026769684,-0.016749385,2.039426400,1.020589500,0.524641500
28.074393000,3.946555500,3.642541500,-3.029329499,-0.017351782,2.049585600,1.031124000,0.530991000
28.224523500,3.797347500,3.625917000,-3.031917972,-0.017131348,2.054164800,1.053097500,0.533853000
28.374654000,3.648099000,3.609676500,-3.034470601,-0.016873979,2.057472000,1.075473000,0.535920000
28.524784500,3.498808500,3.593814000,-3.036982952,-0.016594986,2.060179200,1.098340500,0.537612000
28.674915000,3.349479000,3.578323500,-3.039458441,-0.016382947,2.068879200,1.122834000,0.543049500
28.825045500,3.200113500,3.563200500,-3.041893679,-0.016058616,2.077660800,1.147714500,0.548538000
28.975176000,3.050710500,3.548437500,-3.044293615,-0.015912888,2.085866400,1.171821000,0.553666500
29.125306500,2.901273000,3.534031500,-3.046652788,-0.015515268,2.103607200,1.183651500,0.564754500
29.275437000,2.751801000,3.519973500,-3.048975726,-0.015430441,2.121261600,1.195839000,0.575788500
29.425567500,2.602299000,3.506262000,-3.051262936,-0.015039073,2.138294400,1.207228500,0.586434000
29.575698000,2.452765500,3.492888000,-3.053510343,-0.014900364,2.152190400,1.202904000,0.595119000
29.725828500,2.303202000,3.479848500,-3.055716614,-0.014491088,2.165556000,1.198920000,0.603472500
29.875959000,2.153611500,3.467134500,-3.057887618,-0.014430369,2.179752000,1.194963000,0.612345000
30.026089500,2.003992500,3.454744500,-3.060023347,-0.014021291,2.203238400,1.179889500,0.627024000
30.176220000,1.854348000,3.442669500,-3.062113043,-0.013817069,2.226216000,1.165150500,0.641385000
30.326349000,1.704679500,3.430905000,-3.064172473,-0.013618094,2.244331200,1.150737000,0.652707000
30.476479500,1.554987000,3.419446500,-3.066191672,-0.013281201,2.246536800,1.143865500,0.654085500
30.626610000,1.405272000,3.408286500,-3.068175252,-0.013143623,2.248269600,1.137367500,0.655168500
30.776740500,1.255536000,3.397422000,-3.070118972,-0.012750020,2.243484000,1.131172500,0.652177500
30.926871000,1.105777500,3.386844000,-3.072017121,-0.012536753,2.223633600,1.127940000,0.639771000
31.077001500,0.956001000,3.376548000,-3.073889662,-0.012408663,2.203322400,1.125061500,0.627076500
31.227132000,0.806205000,3.366531000,-3.075722332,-0.012005712,2.187420000,1.122466500,0.617137500
31.377262500,0.656391000,3.356784000,-3.077509478,-0.011802201,2.181028800,1.104442500,0.613143000
31.527393000,0.506560500,3.347302500,-3.079261409,-0.011536556,2.174212800,1.086426000,0.608883000
31.677523500,0.356713500,3.338080500,-3.080978130,-0.011333211,2.169842400,1.068466500,0.606151500
31.827654000,0.206851500,3.329113500,-3.082654657,-0.011001059,2.170591200,1.041225000,0.606619500
31.977784500,0.056974500,3.320394000,-3.084295982,-0.010864330,2.170946400,1.014258000,0.606841500
32.127915000,-0.092916000,3.311919000,-3.085897123,-0.010465677,2.171330400,0.989365500,0.607081500
32.278045500,-0.242820000,3.303679500,-3.087458355,-0.010332643,2.172182400,0.983692500,0.607614000
32.428176000,-0.392737500,3.295672500,-3.088989112,-0.010059773,2.172664800,0.978256500,0.607915500
32.578306500,-0.542665500,3.287892000,-3.090479702,-0.009797446,2.173195200,0.976542000,0.608247000
32.728437000,-0.692605500,3.280332000,-3.091925391,-0.009461701,2.174342400,0.993349500,0.608964000
32.878567500,-0.842556000,3.272985000,-3.093340890,-0.009395211,2.175144000,1.010374500,0.609465000
33.028698000,-0.992517000,3.265849500,-3.094716230,-0.008926730,2.169424800,1.027324500,0.605890500
33.178828500,-1.142487000,3.258915000,-3.096051417,-0.008860297,2.144052000,1.043622000,0.590032500
33.328959000,-1.292466000,3.252180000,-3.097351670,-0.008461352,2.118355200,1.060120500,0.573972000
33.479089500,-1.442454000,3.245635500,-3.098606784,-0.008258982,2.092466400,1.070031000,0.557791500
33.629220000,-1.592449500,3.239277000,-3.099831947,-0.008062253,2.066822400,1.068100500,0.541764000
33.779350500,-1.742454000,3.233100000,-3.101021957,-0.007790777,2.040878400,1.066351500,0.525549000
33.929481000,-1.892464500,3.227098500,-3.102171636,-0.007524925,2.021805600,1.063345500,0.513628500
34.079611500,-2.042481000,3.221266500,-3.103281583,-0.007261467,2.044322400,1.058769000,0.527701500
34.229742000,-2.192505000,3.215598000,-3.104346408,-0.006923929,2.066580000,1.054359000,0.541612500
34.379871000,-2.342533500,3.210085500,-3.105376105,-0.006793419,2.086646400,1.056813000,0.554154000
34.530001500,-2.492568000,3.204726000,-3.106376027,-0.006527300,2.090894400,1.065735000,0.556809000
34.680132000,-2.642608500,3.199513500,-3.107345813,-0.006391943,2.094904800,1.074805500,0.559315500
34.830262500,-2.792653500,3.194445000,-3.108285471,-0.006125925,2.097674400,1.088010000,0.561046500
34.980393000,-2.942703000,3.189514500,-3.109165054,-0.005591687,2.091326400,1.104430500,0.557079000
35.130523500,-3.092755500,3.184710000,-3.109949772,-0.004862132,2.084774400,1.120968000,0.552984000
35.280654000,-3.242812500,3.180015000,-3.110669732,-0.004728989,2.079818400,1.130424000,0.549886500
35.430784500,-3.392874000,3.175426500,-3.111389379,-0.004857989,2.087455200,1.135116000,0.554659500
35.580915000,-3.542937000,3.170947500,-3.112138990,-0.005128079,2.094916800,1.139920500,0.559323000
35.731045500,-3.693004500,3.166584000,-3.112908721,-0.005126104,2.098627200,1.136568000,0.561642000
35.881176000,-3.843075000,3.162336000,-3.113643213,-0.004658635,2.083200000,1.127686500,0.552000000
36.031306500,-3.993147000,3.158193000,-3.114287960,-0.003930500,2.067600000,1.118916000,0.542250000
36.181437000,-4.143223500,3.154138500,-3.114827834,-0.003261580,2.052451200,1.123846500,0.532782000
36.331567500,-4.293301500,3.150157500,-3.115237465,-0.002195425,2.039186400,1.139473500,0.524491500
36.481698000,-4.443379500,3.146226000,-3.115482300,-0.001066196,2.025835200,1.155132000,0.516147000
36.631828500,-4.593459000,3.142318500,-3.115457461,0.001397085,2.019604800,1.167201000,0.512253000
36.781959000,-4.743538500,3.138379500,-3.114837821,0.006857577,2.028909600,1.175902500,0.518068500
36.932089500,-4.893613500,3.134286000,-3.113393388,0.012384830,2.038488000,1.184394000,0.524055000
37.082220000,-5.043679500,3.129913500,-3.111094316,0.018242811,2.049880800,1.186254000,0.531175500
37.232350500,-5.193733500,3.125130000,-3.107935469,0.023838647,2.063976000,1.180242000,0.539985000
37.382481000,-5.343769500,3.119809500,-3.103941482,0.029368089,2.078992800,1.173750000,0.549370500
37.532611500,-5.493781500,3.113827500,-3.099066606,0.035574020,2.077521600,1.166287500,0.548451000
37.682742000,-5.643757500,3.107044500,-3.093200451,0.042573040,2.058014400,1.157455500,0.536259000
37.832872500,-5.793688500,3.099303000,-3.086277042,0.049659281,2.040021600,1.147785000,0.525013500
37.983003000,-5.943556500,3.090444000,-3.078274494,0.056948497,2.028427200,1.141747500,0.517767000
38.133133500,-6.093343500,3.080304000,-3.069166140,0.064390849,2.022816000,1.149655500,0.514260000
38.283264000,-6.243025500,3.068716500,-3.058938899,0.071853745,2.019588000,1.156144500,0.512242500
38.433393000,-6.392574000,3.055515000,-3.047453248,0.081155157,2.041982400,1.160821500,0.526239000
38.583523500,-6.541950000,3.040492500,-3.034251136,0.094720056,2.082895200,1.157704500,0.551809500
38.733654000,-6.691096500,3.023347500,-3.018971476,0.108831560,2.127926400,1.152757500,0.579954000
38.883784500,-6.839943000,3.003768000,-3.001553781,0.123203029,2.163960000,1.145769000,0.602475000
39.033915000,-6.988401000,2.981439000,-2.981916598,0.138398669,2.199588000,1.138669500,0.624742500
39.184045500,-7.136362500,2.956030500,-2.960002189,0.153539931,2.241213600,1.129798500,0.650758500
39.334176000,-7.283698500,2.927218500,-2.935773363,0.169230492,2.280847200,1.118239500,0.675529500
39.484306500,-7.430254500,2.894673000,-2.909167108,0.185210304,2.326740000,1.106454000,0.704212500
39.634437000,-7.575849000,2.858065500,-2.880119344,0.201756871,2.382828000,1.097926500,0.739267500
39.784567500,-7.720266000,2.817066000,-2.848618751,0.217884990,2.445021529,1.086042000,0.788305500
39.934698000,-7.863264000,2.771365500,-2.814721005,0.233692757,2.505671822,1.070608500,0.844699500
40.084828500,-8.004570000,2.720677500,-2.778438637,0.249651961,2.564888356,1.056699000,0.908859000
40.234959000,-8.143876500,2.664730500,-2.739713843,0.266229219,2.622768247,1.041907500,0.981964500
40.385089500,-8.280835500,2.603262000,-2.698354662,0.284747513,2.679398119,1.022995500,1.066344000
40.535220000,-8.415040500,2.535997500,-2.654170181,0.303865783,2.734855623,0.999750000,1.154641500
40.685350500,-8.546037000,2.462683500,-2.607204462,0.321798919,2.778439200,0.986524500,1.257474000
40.835481000,-8.673339000,2.383129500,-2.557791432,0.336468416,2.753995200,0.971247000,1.377552000
40.985611500,-8.796460500,2.297250000,-2.506177320,0.351119253,2.721456000,0.950910000,1.518093000
41.135742000,-8.914885500,2.205003000,-2.452070686,0.369678603,2.665241709,0.925233000,1.676797500
41.285872500,-9.028008000,2.106331500,-2.394423125,0.398286363,2.579364625,0.903595500,1.826238000
41.436003000,-9.135030000,2.001078000,-2.332253829,0.429918199,2.490528130,0.876811500,2.009361000
41.586133500,-9.235038000,1.889143500,-2.265475711,0.459680255,2.408554299,0.844098000,2.125704000
41.736264000,-9.327087000,1.770582000,-2.194740174,0.482634325,2.350581227,0.807790500,2.231580000
41.886394500,-9.410310000,1.645669500,-2.120429737,0.507312573,2.292696422,0.770745000,2.350947000
42.036525000,-9.483784500,1.514791500,-2.042417107,0.531940346,2.238993849,0.725206500,2.365155000
42.186655500,-9.546583500,1.378470000,-1.960794544,0.555414874,2.191167679,0.675160500,2.407551000
42.336784500,-9.597808500,1.237396500,-1.875307755,0.583414249,2.137941661,0.623331000,2.419515000
42.486915000,-9.636495000,1.092388500,-1.786364925,0.601438022,2.100439200,0.562774500,2.408110500
42.637045500,-9.661948500,0.944481000,-1.697480386,0.582646358,2.019396000,0.512122500,2.416321500
42.787176000,-9.674383500,0.794911500,-1.611655384,0.560692559,2.092419940,0.566005500,2.421886500
42.937306500,-9.674199000,0.644824500,-1.528859352,0.542285723,2.162979936,0.693148500,2.451522000
43.087437000,-9.661809000,0.495244500,-1.449053264,0.520872077,2.231309751,0.756832500,2.494822500
43.237567500,-9.637771500,0.347088000,-1.372373046,0.500635410,2.297608366,0.740938500,2.566521000
43.387698000,-9.602676000,0.201151500,-1.298707444,0.480718883,2.351628000,0.719767500,2.667651000
43.537828500,-9.557148000,0.058123500,-1.228513602,0.454381108,2.306767200,0.691729500,2.762256000
43.687959000,-9.501975000,-0.081472500,-1.162292301,0.427803605,2.246611200,0.654132000,2.828986500
43.838089500,-9.437955000,-0.217242000,-1.099697714,0.406064286,2.170096800,0.606310500,2.896327500
43.988220000,-9.365781000,-0.348861000,-1.039589778,0.394678302,2.102877600,0.564298500,2.889139500
44.138350500,-9.285939000,-0.475975500,-0.980980413,0.386100188,2.051745600,0.532341000,2.900995500
44.288481000,-9.198867000,-0.598251000,-0.923635431,0.377832361,2.099104800,0.561940500,2.868081000
44.438611500,-9.105001500,-0.715395000,-0.867651548,0.367971066,2.169447386,0.641265000,2.828583000
44.588742000,-9.004810500,-0.827178000,-0.813130724,0.358339407,2.237579711,0.651157500,2.801763000
44.738872500,-8.898753000,-0.933412500,-0.760024371,0.349127671,2.268079200,0.667549500,2.772625500
44.889003000,-8.787274500,-1.033945500,-0.708547128,0.336639279,2.291731200,0.682332000,2.759451000
45.039133500,-8.670859500,-1.128718500,-0.658945367,0.324139547,2.321416800,0.700885500,2.736988500
45.189264000,-8.549970000,-1.217718000,-0.610949504,0.315253290,2.356267200,0.722667000,2.722554000
45.339394500,-8.425006500,-1.300897500,-0.563441689,0.317632076,2.381961600,0.738726000,2.707245000
45.489525000,-8.296219500,-1.378026000,-0.515352478,0.322998583,2.407375200,0.754609500,2.693221500
45.639655500,-8.163844500,-1.448821500,-0.466622414,0.326171540,2.427340800,0.767088000,2.680041000
45.789786000,-8.028165000,-1.513051500,-0.418158871,0.319442652,2.438356800,0.773973000,2.669175000
45.939916500,-7.889560500,-1.570704000,-0.370836432,0.310975107,2.424770507,0.778656000,2.671086000
46.090047000,-7.748415000,-1.621825500,-0.324666228,0.304092559,2.330047320,0.783751500,2.685471000
46.240177500,-7.605084000,-1.666452000,-0.279197523,0.301628007,2.231306571,0.783633000,2.706403500
46.390306500,-7.459879500,-1.704544500,-0.233996208,0.300531817,2.127990134,0.704632500,2.736772500
46.540437000,-7.313104500,-1.736049000,-0.189098353,0.297583658,2.019393600,0.512121000,2.779900500
46.690567500,-7.165068000,-1.760967000,-0.145309046,0.285765167,2.057469600,0.535918500,2.781112500
46.840698000,-7.016098500,-1.779513000,-0.103438630,0.272022730,2.115338400,0.572086500,2.791120500
